projectName, groupId, averageLine, variantComplex, distributionComplex, contextComplex, syntacticComplex, instanceNumber
,1220,0.9234972677595629,1.0,1.0,0.0,0.72483409150576,2
,1217,0.9508196721311475,1.0,1.0,0.4243146625442962,0.0,8
,1216,0.9672131147540983,1.0,1.0,0.0,0.0,2
,1215,0.9672131147540983,0.9463946303571862,1.0,0.3954884891037233,1.0,4
,1214,0.9398907103825137,1.0,1.0,0.0,0.864973520717927,2
,1213,0.9234972677595629,1.0,0.0,0.0,0.5118595071429148,2
,1212,0.9453551912568307,1.0,0.0,0.0,0.0,2
,1211,0.9508196721311475,1.0,1.0,0.0,0.0,2
,1210,0.9398907103825137,1.0,1.0,0.0,0.0,3
,1219,0.9672131147540983,0.0,1.0,0.0,0.9463946303571862,2
,1218,0.9672131147540983,1.0,1.0,0.3954884891037233,0.9463946303571862,4
,1231,0.9234972677595629,1.0,0.9463946303571862,0.3717257956726267,0.7896900821428474,8
,1230,0.9562841530054644,1.0,0.0,0.0,0.579380164285695,2
,1228,0.9672131147540983,1.0,0.0,0.0,0.7896900821428474,2
,1,0.9180327868852459,1.0,1.0,0.0,0.0,2
,1227,0.9617486338797814,1.0,0.0,0.0,0.0,2
,2,0.9180327868852459,0.0,1.0,0.0,0.0,2
,1226,0.9289617486338798,1.0,1.0,0.0,0.8812391756396073,2
,3,0.912568306010929,1.0,1.0,0.0,0.0,2
,1225,0.9344262295081968,1.0,1.0,0.0,0.0,2
,4,0.9016393442622951,1.0,1.0,0.0,0.0,2
,1224,0.7814207650273224,1.0,0.9182958340544896,0.3954884891037233,0.6768414907579315,3
,5,0.9180327868852459,1.0,1.0,0.0,0.0,4
,1223,0.9508196721311475,1.0,0.0,0.2019854079986195,0.0,5
,6,0.8797814207650273,1.0,1.0,0.0,0.0,3
,1222,0.9234972677595629,1.0,1.0,0.0,0.6454645236511274,2
,7,0.8743169398907104,1.0,0.0,0.0,0.29590327428938457,2
,1221,0.9016393442622951,1.0,0.0,0.0,0.0,2
,8,0.9344262295081968,0.0,1.0,0.0,0.9372305632161295,2
,800,0.9508196721311475,0.0,1.0,0.0,0.8173454221465102,3
,9,0.907103825136612,1.0,1.0,0.3954884891037233,0.0,4
,801,0.9344262295081968,0.8112781244591328,0.9463946303571862,0.279949419226045,0.34295098019812775,4
,802,0.8852459016393442,0.0,1.0,0.0,0.6567045482143385,2
,803,0.907103825136612,1.0,0.0,0.0,0.0,2
,804,0.6065573770491803,1.0,0.0,0.0,0.0,2
,805,0.9016393442622951,1.0000000000000002,0.3589962496465303,0.30632992473209175,0.0,20
,806,0.9562841530054644,1.0,0.0,0.0,0.0,2
,807,0.9562841530054644,1.0,0.0,0.0,0.0,2
,1229,0.8579234972677596,1.0,0.0,0.0,0.0,2
,808,0.9562841530054644,1.0,0.0,0.0,0.0,2
,809,0.9562841530054644,1.0,0.0,0.0,0.0,2
,1000,0.9617486338797814,1.0000000000000002,0.8763576394898523,0.3493984702822971,1.0,9
,1242,0.8032786885245902,1.0,1.0,0.0,0.0,2
,1241,0.7868852459016393,1.0,0.0,0.0,0.0,3
,1240,0.9398907103825137,1.0,0.9182958340544896,0.3954884891037233,0.527861537140782,3
,1239,0.9562841530054644,1.0,0.0,0.0,0.9463946303571862,2
,1238,0.9672131147540983,1.0,0.0,0.0,0.8508642289005679,2
,1237,0.9508196721311475,1.0,1.0,0.0,0.0,2
,1236,0.9453551912568307,1.0,0.7219280948873623,0.4181656600790516,0.0,5
,1235,0.8852459016393442,1.0,0.9182958340544896,0.3954884891037233,0.8120406807941,3
,1234,0.6885245901639344,1.0,0.0,0.0,0.0,2
,1233,0.9672131147540983,1.0000000000000002,0.0,0.3717257956726267,0.0,7
,810,0.9398907103825137,1.0,0.0,0.0,0.0,3
,1232,0.9672131147540983,1.0,0.0,0.0,0.9141008920185651,2
,811,0.9672131147540983,1.0,0.0,0.0,0.0,2
,812,0.9508196721311475,1.0,0.0,0.0,0.5676751079529516,2
,813,0.907103825136612,1.0,0.0,0.0,0.5723578741833466,2
,814,0.9562841530054644,1.0,0.0,0.0,0.0,3
,815,0.8743169398907104,1.0,0.0,0.0,0.22294491816723944,2
,816,0.8142076502732241,0.0,1.0,0.0,0.22294491816723944,2
,817,0.9398907103825137,0.0,1.0,0.0,0.23422152036528643,2
,818,0.9562841530054644,1.0,0.0,0.0,0.0,2
,819,0.8797814207650273,1.0,0.0,0.0,0.0,2
,1011,0.5191256830601093,1.0,1.0,0.0,0.7605689069275702,3
,1253,0.9289617486338798,1.0,0.0,0.0,0.0,2
,1252,0.9617486338797814,1.0,1.0,0.0,0.0,5
,1010,0.8688524590163934,1.0,0.0,0.0,0.559363613011501,2
,1251,0.9016393442622951,1.0,0.0,0.0,0.0,2
,1250,0.9453551912568307,1.0,0.0,0.0,0.9656336071428249,3
,1008,0.5245901639344263,1.0,1.0,0.0,0.0,2
,1007,0.9453551912568307,1.0,0.0,0.0,0.0,2
,1249,0.9398907103825137,1.0,0.0,0.0,0.905712598013837,2
,1006,0.9453551912568307,1.0,0.0,0.0,0.826074224242703,2
,1248,0.9016393442622951,1.0,0.0,0.0,0.0,2
,1005,0.9562841530054644,1.0,0.0,0.0,0.6309297535714574,2
,1247,0.9289617486338798,1.0,0.0,0.0,0.0,2
,1004,0.9672131147540983,1.0,0.0,0.0,0.6309297535714574,2
,1246,0.7540983606557377,1.0,0.9609640474436811,0.2019854079986195,0.0,5
,1003,0.9672131147540983,1.0,0.0,0.0,0.7896900821428474,2
,1245,0.9508196721311475,1.0,0.0,0.0,0.6309297535714574,2
,820,0.8087431693989071,1.0,0.0,0.0,0.0,2
,1002,0.9672131147540983,1.0,0.0,0.0,1.0,2
,1244,0.9617486338797814,1.0,0.0,0.0,0.0,2
,821,0.9289617486338798,1.0,1.0,0.0,0.0,2
,1001,0.9508196721311475,1.0,1.0,0.0,0.9463946303571862,4
,1243,0.9617486338797814,1.0,0.0,0.0,0.6216097450797566,2
,822,0.8415300546448088,1.0,0.0,0.0,0.5999864653089827,4
,823,0.9289617486338798,1.0,0.0,0.0,0.34295098019812775,2
,824,0.907103825136612,1.0,0.0,0.0,0.22294491816723944,2
,825,0.9016393442622951,1.0,1.0,0.0,0.22294491816723944,2
,826,0.9398907103825137,1.0,0.7219280948873623,0.4181656600790516,0.41011848630651804,5
,827,0.9234972677595629,1.0,1.0,0.3954884891037233,0.8527924884900404,4
,828,0.9344262295081968,1.0,1.0,0.0,0.5966452229439911,2
,829,0.9016393442622951,1.0,1.0,0.0,0.0,2
,1009,0.907103825136612,1.0,1.0,0.0,0.0,2
,1022,0.9617486338797814,1.0,0.0,0.0,0.6223659728744493,2
,1021,0.9508196721311475,1.0,0.0,0.0,0.9770455804590024,3
,1020,0.9672131147540983,1.0,0.0,0.0,0.0,3
,1019,0.9508196721311475,1.0,0.0,0.0,0.45548591500359514,2
,1018,0.8469945355191257,1.0,0.0,0.0,0.45548591500359514,3
,1017,0.9180327868852459,1.0,1.0,0.0,0.4280272187063687,2
,1259,0.9672131147540983,1.0,0.9182958340544896,0.3954884891037233,0.0,3
,1016,0.9617486338797814,0.9463946303571862,1.0,0.43067655807339306,0.0,4
,1258,0.9617486338797814,1.0,0.0,0.0,0.6126016192893442,2
,1015,0.8469945355191257,1.0,0.0,0.0,0.0,2
,1257,0.9617486338797814,1.0,0.0,0.0,0.6309297535714574,2
,830,0.9672131147540983,1.0,1.0,0.0,0.0,2
,1014,0.6174863387978142,1.0,0.0,0.0,0.0,2
,1256,0.9672131147540983,1.0,1.0,0.0,0.6309297535714574,2
,831,0.8907103825136612,1.0,1.0,0.0,0.0,2
,1013,0.9672131147540983,1.0,0.0,0.0,0.9821410328348752,2
,1255,0.9617486338797814,1.0,0.0,0.0,0.0,2
,832,0.9453551912568307,1.0,1.0,0.3954884891037233,0.0,4
,1012,0.9672131147540983,1.0,0.0,0.0,0.0,2
,1254,0.4426229508196722,1.0,0.0,0.0,0.864973520717927,2
,833,0.8524590163934427,1.0,1.0,0.0,0.12360498799464745,2
,834,0.912568306010929,1.0,0.0,0.0,0.0,2
,835,0.8633879781420765,1.0,0.0,0.0,0.18069636157678548,2
,836,0.9289617486338798,1.0,0.0,0.0,0.34295098019812775,2
,837,0.8797814207650273,1.0,0.0,0.0,0.22294491816723944,2
,838,0.9289617486338798,1.0,0.0,0.0,0.45548591500359514,3
,839,0.9562841530054644,1.0,0.0,0.0,0.0,2
,1033,0.9672131147540983,1.0,1.0,0.0,0.8527924884900404,2
,1032,0.9016393442622951,1.0,1.0,0.0,0.0,2
,1031,0.9672131147540983,1.0,1.0,0.0,0.9463946303571862,2
,1030,0.9344262295081968,1.0,1.0,0.0,0.842088781560647,2
,1029,0.9453551912568307,1.0,1.0,0.0,0.0,3
,1028,0.9016393442622951,1.0,1.0,0.0,0.627079355810753,3
,1027,0.9344262295081968,1.0,0.0,0.0,0.0,2
,840,0.912568306010929,1.0,0.0,0.0,0.0,3
,1026,0.9180327868852459,1.0,1.0,0.0,0.9713067383178076,2
,841,0.9672131147540983,1.0,0.0,0.0,0.0,2
,1025,0.9508196721311475,1.0,1.0,0.0,0.0,3
,600,0.7595628415300546,1.0,1.0,0.0,0.0,2
,842,0.9344262295081968,1.0,0.0,0.0,0.0,2
,1024,0.8743169398907104,1.0,1.0,0.0,0.5302910328104031,2
,601,0.8743169398907104,1.0,1.0,0.0,0.0,2
,843,0.912568306010929,1.0,0.0,0.0,0.0,2
,1023,0.9398907103825137,1.0,0.0,0.0,0.0,2
,602,0.7923497267759563,1.0,0.0,0.0,0.6289054987282648,3
,844,0.9562841530054644,1.0,1.0,0.0,0.0,2
,603,0.8907103825136612,1.0,0.0,0.0,0.0,5
,845,0.9617486338797814,1.0,0.0,0.0,0.0,2
,604,0.9562841530054644,0.9999999999999999,1.0,0.31091750708257115,0.0,6
,846,0.9508196721311475,1.0,0.0,0.0,0.0,3
,605,0.9562841530054644,1.0,0.0,0.0,0.0,5
,847,0.9672131147540983,0.9182958340544896,1.0,0.0,0.0,3
,606,0.9617486338797814,0.9697238998682474,1.0,0.31091750708257115,0.0,6
,848,0.9672131147540983,1.0,0.9182958340544896,0.3954884891037233,0.0,3
,607,0.9289617486338798,1.0,1.0,0.0,0.0,2
,849,0.9617486338797814,1.0,0.0,0.0,0.0,2
,608,0.9344262295081968,1.0,0.8112781244591328,0.43067655807339306,0.0,4
,609,0.8797814207650273,1.0,1.0,0.0,0.0,2
,1044,0.9289617486338798,1.0,1.0,0.0,0.0,2
,1043,0.9508196721311475,1.0,0.9182958340544896,0.3954884891037233,0.0,3
,1042,0.9398907103825137,1.0,1.0,0.0,0.905712598013837,2
,1041,0.8469945355191257,1.0,0.0,0.0,0.0,2
,1040,0.8142076502732241,1.0,0.0,0.0,0.0,2
,1039,0.8907103825136612,1.0,0.0,0.0,0.0,3
,850,0.9453551912568307,1.0,0.0,0.0,0.0,2
,1038,0.9562841530054644,1.0,0.0,0.0,0.6021808102656677,3
,851,0.9508196721311475,1.0,0.0,0.0,0.0,3
,1037,0.8360655737704918,1.0,0.0,0.0,0.0,2
,610,0.9398907103825137,1.0,1.0,0.0,0.0,2
,852,0.9398907103825137,1.0,0.0,0.0,0.0,2
,1036,0.9508196721311475,1.0,0.0,0.0,0.5152734452350943,3
,611,0.912568306010929,1.0,0.0,0.0,0.0,3
,853,0.9562841530054644,1.0,0.0,0.0,0.0,2
,1035,0.9344262295081968,1.0,0.0,0.0,0.0,2
,612,0.9508196721311475,1.0,1.0,0.0,0.48215936096968093,2
,854,0.8306010928961749,1.0,0.0,0.0,0.0,2
,1034,0.9508196721311475,1.0,1.0,0.0,0.6853870929104106,2
,613,0.9180327868852459,1.0,0.0,0.0,0.0,2
,855,0.9672131147540983,0.0,1.0,0.0,0.579380164285695,2
,614,0.8961748633879781,1.0,0.0,0.0,0.0,3
,856,0.9398907103825137,1.0,1.0,0.0,0.0,2
,615,0.7759562841530054,1.0,1.0,0.0,0.0,2
,857,0.8852459016393442,1.0,1.0,0.0,0.6444666452025871,2
,616,0.9672131147540983,1.0,1.0,0.0,0.0,2
,858,0.9398907103825137,1.0,1.0,0.0,0.0,2
,617,0.8907103825136612,1.0,0.0,0.0,0.0,2
,859,0.9289617486338798,1.0,0.0,0.0,0.0,2
,618,0.9453551912568307,1.0,0.0,0.0,0.0,2
,619,0.9016393442622951,1.0,0.0,0.0,0.2610893633857883,2
,1055,0.912568306010929,1.0,0.0,0.0,0.0,2
,1054,0.9180327868852459,1.0,0.0,0.0,0.0,3
,1053,0.9234972677595629,1.0,0.0,0.0,0.0,3
,1052,0.8743169398907104,1.0,0.0,0.0,0.7827759528141421,2
,1051,0.9234972677595629,1.0,1.0,0.0,0.0,2
,1050,0.9453551912568307,1.0,1.0,0.0,0.9821410328348752,2
,860,0.9562841530054644,0.0,0.0,0.0,0.0,3
,861,0.9562841530054644,0.0,0.0,0.0,0.0,2
,1049,0.7814207650273224,1.0,1.0,0.0,0.0,2
,620,0.9016393442622951,1.0,0.0,0.0,0.0,2
,862,0.9617486338797814,0.0,0.0,0.0,0.0,4
,1048,0.6721311475409837,1.0,1.0,0.0,0.7253697721503475,2
,621,0.8743169398907104,1.0,0.0,0.0,0.0,3
,863,0.907103825136612,1.0,0.0,0.0,0.39078665545522084,2
,1047,0.8743169398907104,1.0,1.0,0.0,0.6097630879642211,3
,622,0.9617486338797814,1.0,0.0,0.0,0.0,3
,864,0.9672131147540983,0.0,1.0,0.0,0.0,2
,1046,0.9617486338797814,1.0,1.0,0.0,0.9463946303571862,2
,623,0.9508196721311475,1.0,0.0,0.0,0.0,2
,865,0.8743169398907104,1.0,0.0,0.0,0.0,2
,1045,0.9289617486338798,1.0,1.0,0.3954884891037233,0.0,4
,624,0.9398907103825137,1.0,0.0,0.0,0.0,2
,866,0.8688524590163934,1.0,0.0,0.0,0.0,2
,625,0.7978142076502732,1.0,0.0,0.0,0.0,2
,867,0.9180327868852459,1.0,0.0,0.0,0.0,2
,626,0.7923497267759563,0.0,1.0,0.0,0.43291288155725993,2
,868,0.907103825136612,1.0,0.0,0.0,0.0,2
,627,0.9289617486338798,1.0,1.0,0.0,0.9018972358711527,2
,869,0.8306010928961749,1.0,0.0,0.0,0.3175206571427802,2
,628,0.9234972677595629,1.0,1.0,0.0,0.8699155297736259,2
,629,0.8743169398907104,0.0,1.0,0.0,0.9526230661652662,2
,1066,0.9344262295081968,1.0,1.0,0.0,1.0,2
,1065,0.9672131147540983,0.9852281360342516,0.9751060324573735,0.25481959578555763,0.6309297535714574,7
,1064,0.9508196721311475,0.9881090915741203,0.9533522741071692,0.14205697021084857,0.6309297535714574,12
,1063,0.9617486338797814,1.0,0.0,0.0,0.0,2
,1062,0.9453551912568307,1.0,1.0,0.3954884891037233,0.0,4
,1061,0.9398907103825137,1.0,0.0,0.0,0.0,2
,1060,0.9453551912568307,1.0,1.0,0.0,0.0,2
,870,0.7978142076502732,1.0,0.0,0.0,0.29590327428938457,2
,871,0.9453551912568307,1.0,0.0,0.0,0.0,2
,630,0.9398907103825137,0.0,1.0,0.0,0.9713067383178076,2
,872,0.9617486338797814,1.0,0.0,0.0,0.0,3
,1059,0.9398907103825137,1.0,1.0,0.42810551009986264,0.0,12
,631,0.8743169398907104,0.0,1.0,0.0,0.726844631409708,2
,873,0.9016393442622951,1.0,0.0,0.0,0.0,3
,1058,0.9344262295081968,1.0000000000000002,0.9640787648082292,0.43066328669575205,0.0,18
,632,0.8688524590163934,0.0,1.0,0.0,0.0,2
,874,0.9617486338797814,1.0,0.0,0.0,0.0,3
,1057,0.9562841530054644,1.0,0.9182958340544896,0.3954884891037233,0.0,3
,633,0.9289617486338798,0.0,1.0,0.0,0.8173454221465102,2
,875,0.9617486338797814,1.0,0.0,0.0,0.0,5
,634,0.6284153005464481,1.0,1.0,0.0,0.6625897014816776,2
,876,0.9344262295081968,1.0,0.0,0.0,0.0,2
,1056,0.912568306010929,1.0,0.0,0.0,0.0,3
,635,0.9453551912568307,0.0,1.0,0.0,0.3175206571427802,2
,877,0.9672131147540983,0.0,1.0,0.0,0.41011848630651804,2
,636,0.9398907103825137,0.0,1.0,0.0,0.5462947022805017,2
,878,0.819672131147541,1.0,1.0,0.0,0.6975637594191427,2
,637,0.6775956284153005,0.0,1.0,0.0,0.7799245905108307,2
,879,0.9234972677595629,1.0,0.9602297178607611,0.31091750708257115,0.0,5
,638,0.9617486338797814,0.0,1.0,0.0,0.41011848630651804,2
,639,0.9234972677595629,1.0,1.0,0.4181656600790516,0.24684720518702508,6
,1077,0.7213114754098361,1.0,0.9182958340544896,0.3954884891037233,0.9755307720176265,3
,1076,0.9508196721311475,1.0,1.0,0.0,0.7896900821428474,2
,1075,0.8306010928961749,0.0,1.0,0.0,0.0,2
,1074,0.9562841530054644,1.0,1.0,0.0,0.0,2
,1073,0.9562841530054644,1.0,0.0,0.31091750708257115,0.9463946303571862,5
,1072,0.9562841530054644,1.0,0.0,0.0,0.9463946303571862,2
,1071,0.9234972677595629,1.0,0.9463946303571862,0.5390473417948544,0.0,4
,1070,0.9234972677595629,0.9182958340544896,1.0,0.0,0.9463946303571862,3
,880,0.9617486338797814,0.0,1.0,0.0,0.9821410328348752,2
,881,0.912568306010929,0.0,1.0,0.0,0.8136524099222412,2
,640,0.9508196721311475,0.0,1.0,0.0,0.8263230812990678,2
,882,0.9617486338797814,0.0,1.0,0.0,0.9821410328348752,2
,641,0.912568306010929,0.0,1.0,0.0,0.7343962125424431,2
,883,0.8907103825136612,0.9182958340544896,1.0,0.0,0.625418115623811,3
,400,0.9672131147540983,0.9182958340544896,1.0,0.0,0.0,3
,642,0.9344262295081968,0.0,1.0,0.0,0.6971862088918521,2
,884,0.8852459016393442,0.0,1.0,0.0,0.7669160827649908,2
,401,0.9562841530054644,0.0,1.0,0.0,0.0,2
,643,0.9398907103825137,0.9182958340544896,1.0,0.0,0.5816718657178868,3
,885,0.9672131147540983,1.0,1.0,0.3954884891037233,0.9821410328348752,4
,1069,0.9508196721311475,1.0,0.0,0.0,0.6126016192893442,3
,402,0.8688524590163934,1.0,1.0,0.0,0.7195974817108705,2
,644,0.9562841530054644,0.0,1.0,0.0,0.0,2
,886,0.8524590163934427,0.0,1.0,0.0,0.6961094714265039,2
,1068,0.9562841530054644,1.0,0.0,0.0,0.0,2
,403,0.9562841530054644,0.0,1.0,0.0,0.0,2
,645,0.8579234972677596,1.0,1.0,0.0,0.5854069251508158,2
,887,0.9617486338797814,1.0,1.0,0.0,0.0,2
,1067,0.9672131147540983,1.0,0.0,0.0,0.0,2
,404,0.9453551912568307,1.0,1.0,0.0,0.858672711073255,2
,646,0.644808743169399,0.9182958340544896,1.0,0.0,0.97288250263637,3
,888,0.8743169398907104,1.0,1.0,0.0,0.0,2
,889,0.912568306010929,1.0,1.0,0.0,0.9463946303571862,5
,405,0.9289617486338798,1.0,1.0,0.0,0.7101056374241135,2
,647,0.8852459016393442,0.0,1.0,0.0,0.9543725779839038,2
,406,0.907103825136612,1.0,1.0,0.0,0.0,4
,648,0.8852459016393442,0.0,1.0,0.0,0.9379607148064744,2
,407,0.9234972677595629,1.0,1.0,0.0,0.9808340377961402,4
,649,0.8961748633879781,0.0,1.0,0.0,0.887092015535129,2
,408,0.7923497267759563,1.0,1.0,0.0,0.8033437314357735,2
,409,0.819672131147541,1.0,1.0,0.0,0.757839021442451,3
,1080,0.6885245901639344,1.0,0.0,0.0,0.7793577657063837,2
,1088,0.7978142076502732,1.0,1.0,0.3954884891037233,0.0,4
,1087,0.9508196721311475,1.0,0.0,0.0,0.0,3
,1086,0.9508196721311475,1.0,1.0,0.0,0.8699155297736259,2
,1085,0.8797814207650273,1.0,0.0,0.0,0.9262621550953116,3
,1084,0.7868852459016393,1.0,0.0,0.0,0.861245517321247,2
,1083,0.9016393442622951,1.0,0.0,0.0,0.9463946303571862,2
,1082,0.9344262295081968,1.0,0.0,0.0,0.9463946303571862,2
,890,0.9672131147540983,1.0,0.9182958340544896,0.3954884891037233,0.0,3
,1081,0.7978142076502732,1.0,0.0,0.0,0.9139494879931296,2
,891,0.8907103825136612,1.0,0.9182958340544896,0.3954884891037233,0.0,3
,650,0.7978142076502732,1.0,1.0,0.0,0.5854069251508158,2
,892,0.9672131147540983,1.0,1.0,0.0,0.0,2
,651,0.9508196721311475,1.0,1.0,0.0,0.72483409150576,2
,893,0.8415300546448088,1.0,1.0,0.0,0.0,2
,410,0.9344262295081968,0.0,1.0,0.0,0.8699155297736259,2
,652,0.9344262295081968,1.0,1.0,0.0,0.0,2
,894,0.9508196721311475,1.0,1.0,0.0,0.0,2
,411,0.7650273224043715,0.0,1.0,0.0,0.0,2
,653,0.9289617486338798,1.0,1.0,0.0,0.8194483718728034,2
,895,0.9562841530054644,1.0,1.0,0.0,0.0,2
,412,0.7049180327868853,0.0,1.0,0.0,0.0,2
,654,0.825136612021858,0.0,1.0,0.0,0.6195356586779281,2
,896,0.9016393442622951,1.0,1.0,0.0,0.9602297178607611,4
,413,0.9562841530054644,0.9609640474436811,0.9739760316291208,0.1129712932075364,0.0,10
,655,0.9289617486338798,0.0,1.0,0.0,0.9463946303571862,2
,897,0.7049180327868853,0.0,1.0,0.0,0.5061471991414218,2
,1079,0.644808743169399,1.0,1.0,0.0,0.0,2
,414,0.3224043715846995,1.0,1.0,0.0,0.0,2
,656,0.9453551912568307,0.0,1.0,0.0,0.0,2
,898,0.9344262295081968,0.0,1.0,0.0,0.9463946303571862,2
,1078,0.907103825136612,1.0,1.0,0.0,0.0,2
,415,0.9617486338797814,0.0,1.0,0.0,0.920619835714305,2
,657,0.9180327868852459,0.0,1.0,0.0,0.5762173955216959,2
,899,0.9508196721311475,1.0,1.0,0.0,0.5118595071429148,2
,416,0.8633879781420765,0.0,1.0,0.0,0.0,2
,658,0.9562841530054644,0.0,1.0,0.0,0.0,2
,417,0.9453551912568307,0.0,1.0,0.0,0.0,2
,659,0.8579234972677596,0.0,1.0,0.0,0.0,2
,418,0.9453551912568307,0.0,1.0,0.0,0.8342022886441013,2
,419,0.9180327868852459,0.0,1.0,0.0,0.0,2
,1091,0.912568306010929,1.0,0.0,0.0,0.0,2
,1090,0.7814207650273224,1.0,0.0,0.0,0.0,2
,1099,0.9453551912568307,1.0,0.0,0.0,0.0,3
,1098,0.9562841530054644,1.0,0.0,0.0,0.0,3
,1097,0.9508196721311475,1.0,0.0,0.0,0.0,5
,1096,0.9453551912568307,0.9999999999999999,0.0,0.0,0.905712598013837,6
,1095,0.9562841530054644,1.0,0.0,0.0,0.0,2
,1094,0.9562841530054644,1.0000000000000002,0.0,0.0,0.9372305632161295,11
,1093,0.9562841530054644,1.0,0.0,0.0,0.0,2
,1092,0.9617486338797814,1.0,1.0,0.0,0.0,2
,660,0.7377049180327868,0.0,1.0,0.0,0.977680872902037,2
,661,0.9672131147540983,0.0,1.0,0.0,0.579380164285695,2
,420,0.9234972677595629,0.0,1.0,0.0,0.920619835714305,2
,662,0.8797814207650273,1.0,1.0,0.4181656600790516,0.7506372650958028,6
,421,0.8306010928961749,0.0,1.0,0.0,0.8247288258953046,2
,663,0.8306010928961749,0.0,1.0,0.0,0.7865834126456138,2
,422,0.9508196721311475,0.0,1.0,0.0,0.9463946303571862,2
,664,0.9508196721311475,0.0,1.0,0.0,0.0,2
,423,0.8688524590163934,1.0,1.0,0.0,0.0,2
,665,0.8579234972677596,0.0,1.0,0.0,0.8528196251894569,2
,424,0.9234972677595629,0.0,1.0,0.0,0.8173454221465102,2
,666,0.9508196721311475,1.0,1.0,0.3954884891037233,0.7499999999999999,4
,425,0.9453551912568307,0.0,1.0,0.0,0.7896900821428474,2
,667,0.825136612021858,0.0,1.0,0.0,0.7884345764089417,2
,1089,0.9617486338797814,1.0,1.0,0.0,0.0,2
,426,0.912568306010929,1.0,1.0,0.0,0.0,2
,668,0.8142076502732241,0.0,1.0,0.0,0.9680522212633251,2
,427,0.7158469945355191,0.9463946303571862,1.0,0.0,0.0,4
,669,0.9344262295081968,0.0,1.0,0.0,0.8720094340562979,2
,428,0.7486338797814207,1.0,1.0,0.0,0.0,2
,429,0.8797814207650273,0.0,1.0,0.0,0.0,2
,670,0.5519125683060109,0.0,1.0,0.0,0.8977818049321735,2
,671,0.6612021857923498,0.0,1.0,0.0,0.887092015535129,2
,430,0.825136612021858,0.0,1.0,0.0,0.0,2
,672,0.9453551912568307,0.0,1.0,0.0,0.6126016192893442,2
,431,0.9562841530054644,0.0,1.0,0.0,0.77250688571426,2
,673,0.912568306010929,0.0,1.0,0.0,0.842088781560647,2
,432,0.9672131147540983,0.0,1.0,0.0,0.4684574992810824,2
,674,0.8306010928961749,0.0,1.0,0.0,0.8979176514941836,2
,433,0.7923497267759563,1.0,1.0,0.0,0.8856194615204434,2
,675,0.8797814207650273,0.0,1.0,0.0,0.9770455804590024,2
,434,0.9453551912568307,0.0,1.0,0.0,0.0,2
,676,0.9617486338797814,0.0,1.0,0.0,0.6913698302025114,2
,435,0.9617486338797814,0.0,1.0,0.0,0.9656336071428249,2
,677,0.48633879781420764,0.0,1.0,0.0,0.8720094340562978,2
,436,0.9617486338797814,1.0,0.0,0.0,0.6309297535714574,2
,678,0.9562841530054644,1.0,1.0,0.0,0.0,2
,437,0.9672131147540983,0.0,0.0,0.0,0.0,2
,679,0.9234972677595629,0.0,1.0,0.0,0.0,2
,438,0.912568306010929,1.0,0.0,0.0,0.864973520717927,2
,439,0.825136612021858,1.0,1.0,0.0,0.5364959133847246,2
,680,0.9234972677595629,1.0,1.0,0.0,0.0,2
,681,0.8142076502732241,1.0,1.0,0.0,0.7960200622507978,2
,440,0.6229508196721312,1.0,1.0,0.0,0.0,2
,682,0.8852459016393442,0.0,1.0,0.0,0.0,2
,441,0.9562841530054644,1.0,1.0,0.0,0.0,2
,683,0.9508196721311475,1.0,1.0,0.0,0.905712598013837,2
,200,0.6885245901639344,0.0,1.0,0.0,0.6383111854769604,2
,442,0.9508196721311475,1.0,1.0,0.0,0.826074224242703,2
,684,0.8907103825136612,0.0,1.0,0.0,0.8024052436705212,2
,201,0.8852459016393442,1.0,1.0,0.0,0.8851529531815772,3
,443,0.9562841530054644,1.0,1.0,0.0,0.9463946303571862,2
,685,0.9672131147540983,0.0,1.0,0.0,0.6126016192893442,2
,202,0.9344262295081968,1.0,1.0,0.0,0.0,3
,444,0.8579234972677596,0.0,1.0,0.0,0.9463946303571862,2
,686,0.8469945355191257,1.0,1.0,0.0,0.72483409150576,2
,203,0.912568306010929,1.0,1.0,0.0,0.9141008920185651,2
,445,0.8852459016393442,1.0,1.0,0.0,0.8194483718728034,2
,687,0.8087431693989071,1.0,0.0,0.0,0.8156200630405976,2
,204,0.9398907103825137,1.0,1.0,0.0,0.8846148739279864,2
,446,0.8142076502732241,0.0,1.0,0.0,0.5653371812436325,2
,688,0.8688524590163934,1.0,0.9182958340544896,0.3954884891037233,0.7896900821428474,3
,205,0.8907103825136612,0.5320616655928241,0.9999999999999996,0.0,0.7534397398762205,26
,447,0.9234972677595629,0.0,1.0,0.0,0.8194483718728034,2
,689,0.9562841530054644,1.0,0.0,0.0,0.8868595071429146,2
,206,0.8907103825136612,0.0,1.0,0.0,0.820042596026009,5
,448,0.8415300546448088,0.0,1.0,0.0,0.9947372378779501,2
,207,0.8852459016393442,1.0,1.0,0.0,0.45185658819540436,4
,449,0.7158469945355191,0.0,1.0,0.0,0.9746913179422252,2
,208,0.9180327868852459,1.0,1.0,0.0,0.77250688571426,3
,209,0.9508196721311475,1.0,1.0,0.0,0.0,2
,690,0.907103825136612,1.0,1.0,0.0,0.0,2
,691,0.9180327868852459,1.0,0.9182958340544896,0.3954884891037233,0.0,3
,450,0.9453551912568307,0.0,1.0,0.0,0.8194483718728034,2
,692,0.8907103825136612,1.0,1.0,0.0,0.0,2
,451,0.8087431693989071,0.0,1.0,0.0,0.9965119062478287,2
,693,0.8415300546448088,1.0,1.0,0.0,0.9267193012708007,2
,210,0.912568306010929,1.0,1.0,0.0,0.0,2
,452,0.9289617486338798,0.0,1.0,0.0,0.8699155297736259,2
,694,0.9234972677595629,1.0,0.0,0.0,0.0,2
,211,0.8688524590163934,1.0,1.0,0.0,0.7896900821428474,3
,453,0.9289617486338798,0.0,1.0,0.0,0.9214632400757699,2
,695,0.9234972677595629,1.0,0.0,0.0,0.8175817337644011,2
,212,0.9508196721311475,1.0,1.0,0.0,0.7816596645276668,2
,454,0.6830601092896175,0.0,1.0,0.0,0.0,2
,696,0.819672131147541,1.0,0.0,0.0,0.9556844290725506,2
,213,0.9617486338797814,1.0,1.0,0.0,0.9463946303571862,2
,455,0.9180327868852459,0.0,1.0,0.0,0.0,2
,697,0.8852459016393442,1.0,0.0,0.0,0.0,2
,214,0.912568306010929,1.0,0.0,0.0,0.9372305632161295,2
,456,0.8852459016393442,0.0,1.0,0.0,0.0,2
,698,0.8032786885245902,1.0,0.0,0.0,0.0,2
,215,0.8688524590163934,1.0,0.0,0.0,0.846836722631185,2
,457,0.8907103825136612,1.0,1.0,0.0,0.9089460785096519,2
,699,0.9344262295081968,1.0,0.0,0.0,0.8699155297736259,2
,216,0.9180327868852459,1.0,0.0,0.0,0.8292439007914474,3
,458,0.9398907103825137,0.0,1.0,0.0,0.9821410328348752,2
,217,0.9453551912568307,0.0,1.0,0.0,0.0,3
,459,0.9398907103825137,0.0,1.0,0.0,0.7896900821428474,2
,218,0.8633879781420765,0.0,1.0,0.0,0.0,3
,219,0.912568306010929,0.9182958340544896,1.0,0.0,0.0,3
,460,0.9016393442622951,0.0,1.0,0.0,0.9911594714322187,2
,461,0.7103825136612022,0.0,1.0,0.0,0.9275569476668388,2
,220,0.9180327868852459,0.0,1.0,0.0,0.0,2
,462,0.8469945355191257,0.0,1.0,0.0,0.9358932809493992,2
,221,0.9617486338797814,0.0,1.0,0.0,0.9602297178607611,3
,463,0.9508196721311475,0.0,1.0,0.0,0.6309297535714574,2
,222,0.9453551912568307,0.0,1.0,0.0,0.9463946303571862,2
,464,0.9234972677595629,0.0,1.0,0.0,0.965633607142825,2
,223,0.8743169398907104,0.9999999999999999,0.6500224216483541,0.3954884891037233,0.0,6
,465,0.7486338797814207,1.0,1.0,0.3954884891037233,0.535621484070127,4
,224,0.8306010928961749,1.0,0.0,0.0,0.0,2
,466,0.9289617486338798,1.0,1.0,0.0,0.826074224242703,2
,225,0.9617486338797814,1.0,0.0,0.0,0.0,2
,467,0.8633879781420765,0.967132018086354,0.9283832117695865,0.25481959578555763,0.9089460785096519,8
,226,0.9398907103825137,1.0,0.0,0.0,0.0,2
,468,0.8469945355191257,1.0,1.0,0.0,0.0,2
,227,0.9508196721311475,1.0,0.0,0.0,0.0,2
,469,0.8797814207650273,1.0,1.0,0.0,0.0,2
,228,0.9508196721311475,1.0,1.0,0.0,0.0,2
,229,0.9453551912568307,1.0,1.0,0.0,0.0,2
,470,0.819672131147541,1.0,1.0,0.0,0.0,2
,471,0.8797814207650273,1.0,1.0,0.0,0.0,2
,230,0.9617486338797814,1.0,1.0,0.0,0.0,2
,472,0.9508196721311475,0.0,1.0,0.0,0.9431887805255734,2
,231,0.9508196721311475,1.0,0.9602297178607611,0.8277293767706428,0.0,5
,473,0.9672131147540983,1.0,1.0,0.0,0.0,2
,232,0.9508196721311475,1.0,1.0,0.0,0.0,2
,474,0.7759562841530054,1.0,1.0,0.0,0.9127475678847468,2
,233,0.9562841530054644,1.0,0.0,0.0,0.9602297178607611,2
,475,0.9289617486338798,1.0,1.0,0.0,0.8031140135750122,2
,234,0.9289617486338798,1.0,0.0,0.0,0.0,2
,476,0.9398907103825137,1.0,1.0,0.0,0.7499999999999999,2
,235,0.9508196721311475,1.0,1.0,0.6826061944859854,0.0,3
,477,0.8797814207650273,1.0,1.0,0.0,0.9659535505394683,2
,236,0.9508196721311475,1.0,1.0,0.6826061944859854,0.0,3
,478,0.9672131147540983,1.0,1.0,0.0,0.77250688571426,2
,237,0.9508196721311475,1.0,1.0,0.5390473417948544,0.0,4
,479,0.7486338797814207,1.0,1.0,0.0,0.0,3
,238,0.9508196721311475,1.0,1.0,0.0,0.0,2
,239,0.9508196721311475,0.9591479170272448,0.9999999999999999,0.0,0.0,6
,480,0.8469945355191257,1.0,1.0,0.0,0.0,2
,481,0.9672131147540983,1.0,0.0,0.0,0.7896900821428474,3
,240,0.9672131147540983,0.9182958340544896,1.0,0.0,0.0,3
,482,0.9617486338797814,1.0,0.0,0.0,0.669591945535779,3
,241,0.9453551912568307,1.0,1.0,0.0,0.9262621550953116,2
,483,0.9672131147540983,1.0,0.0,0.0,0.7896900821428474,2
,242,0.8961748633879781,1.0,1.0,0.0,0.0,2
,484,0.8633879781420765,1.0,0.9182958340544896,0.3954884891037233,0.9095842857903335,3
,243,0.9617486338797814,1.0,0.0,0.0,0.0,2
,485,0.8688524590163934,1.0,0.9182958340544896,0.3954884891037233,0.9444894545916527,3
,244,0.9562841530054644,1.0,0.0,0.0,0.9602297178607611,2
,486,0.907103825136612,1.0,1.0,0.3954884891037233,0.7298466991620974,4
,245,0.9289617486338798,1.0,0.0,0.0,0.0,2
,487,0.9344262295081968,0.0,1.0,0.0,0.965633607142825,2
,246,0.9180327868852459,1.0,0.0,0.0,0.0,2
,488,0.8579234972677596,1.0,1.0,0.0,0.965519396197507,2
,247,0.8415300546448088,1.0,0.8112781244591328,0.43067655807339306,0.0,4
,489,0.8907103825136612,1.0,1.0,0.0,0.6803454839201112,2
,248,0.9672131147540983,1.0,1.0,0.0,0.9463946303571862,2
,249,0.8852459016393442,1.0,1.0,0.0,0.996782826312735,2
,490,0.9562841530054644,1.0,0.0,0.0,0.0,2
,491,0.9398907103825137,1.0,0.0,0.0,0.0,2
,250,0.8469945355191257,1.0,1.0,0.0,0.9937866610055328,2
,492,0.9617486338797814,1.0,0.0,0.0,0.0,2
,251,0.9453551912568307,1.0,0.0,0.0,0.0,2
,493,0.912568306010929,1.0,0.0,0.0,0.0,2
,252,0.7868852459016393,1.0,1.0,0.0,0.0,2
,494,0.8688524590163934,1.0,1.0,0.3954884891037233,0.8829956147936118,4
,253,0.9344262295081968,1.0,0.0,0.0,0.0,2
,495,0.9180327868852459,1.0,1.0,0.0,0.6913698302025114,2
,254,0.9344262295081968,1.0,0.0,0.0,0.0,2
,496,0.9344262295081968,1.0,1.0,0.0,0.7896900821428474,2
,255,0.9289617486338798,1.0,0.0,0.0,0.0,2
,497,0.9508196721311475,1.0000000000000002,1.0000000000000002,0.0,0.0,7
,256,0.9234972677595629,1.0,0.0,0.0,0.0,2
,498,0.9617486338797814,0.0,1.0,0.0,0.6309297535714574,2
,257,0.9234972677595629,1.0,0.0,0.0,0.0,2
,499,0.8688524590163934,1.0,1.0,0.0,0.0,3
,258,0.9508196721311475,1.0,0.0,0.0,0.0,2
,259,0.9562841530054644,1.0,0.0,0.0,0.0,2
,260,0.9453551912568307,1.0,0.0,0.0,0.0,2
,261,0.9344262295081968,1.0,0.0,0.0,0.6309297535714574,4
,262,0.8688524590163934,0.0,1.0,0.0,0.5634173407545278,2
,263,0.8907103825136612,1.0,0.0,0.0,0.77250688571426,2
,264,0.9289617486338798,1.0,0.0,0.0,0.0,4
,265,0.9562841530054644,1.0,0.0,0.0,0.864973520717927,2
,266,0.9672131147540983,1.0,0.0,0.0,0.864973520717927,2
,267,0.9672131147540983,1.0,1.0,0.0,0.0,4
,268,0.9617486338797814,0.9182958340544896,1.0,0.3954884891037233,0.669591945535779,3
,269,0.9289617486338798,1.0,1.0,0.0,0.0,2
,270,0.9672131147540983,0.9999999999999999,0.0,0.0,0.9463946303571862,6
,271,0.9672131147540983,1.0000000000000004,0.0,0.0,0.9463946303571862,21
,272,0.9617486338797814,1.0000000000000002,0.5916727785823275,0.3717257956726267,0.0,7
,273,0.9672131147540983,1.0,0.0,0.0,0.9463946303571862,5
,274,0.9562841530054644,1.0,0.0,0.0,0.0,4
,275,0.9672131147540983,1.0,0.0,0.0,0.9463946303571862,16
,276,0.9453551912568307,1.0000000000000002,0.0,0.0,0.0,7
,277,0.9289617486338798,1.0,0.0,0.0,0.0,2
,278,0.9562841530054644,1.0,1.0,0.0,0.9463946303571862,2
,279,0.8688524590163934,0.9795697645470609,0.875,0.3493984702822971,0.9463946303571862,8
,280,0.9016393442622951,1.0,1.0,0.0,0.0,2
,281,0.912568306010929,1.0,0.0,0.0,0.0,4
,282,0.9344262295081968,1.0,0.9182958340544896,0.3954884891037233,0.9463946303571862,3
,283,0.9453551912568307,1.0,0.0,0.0,0.6961094714265039,2
,284,0.912568306010929,1.0,0.0,0.0,0.0,4
,285,0.8797814207650273,1.0,0.0,0.0,0.0,2
,286,0.9398907103825137,1.0,1.0,0.0,0.45548591500359514,2
,287,0.9234972677595629,1.0,1.0,0.0,0.7023219531494745,2
,288,0.9180327868852459,1.0,0.0,0.0,0.0,2
,289,0.9508196721311475,1.0,0.0,0.0,0.0,2
,290,0.9453551912568307,1.0,0.0,0.0,0.0,2
,291,0.9344262295081968,0.9999999999999999,0.0,0.0,0.0,6
,292,0.9617486338797814,1.0,0.0,0.0,0.0,4
,293,0.9617486338797814,1.0,0.0,0.0,0.0,2
,294,0.9617486338797814,1.0,0.0,0.0,0.39078665545522084,2
,295,0.9617486338797814,1.0,0.0,0.0,0.0,4
,296,0.9398907103825137,1.0,0.0,0.0,0.3296982574030469,2
,297,0.9234972677595629,1.0,0.0,0.0,0.22294491816723944,3
,298,0.9344262295081968,1.0,0.0,0.0,0.0,2
,299,0.912568306010929,1.0,0.0,0.0,0.0,2
,900,0.9016393442622951,1.0,1.0,0.0,0.9878171319090818,2
,901,0.7814207650273224,1.0,1.0,0.0,0.9300678767746695,2
,902,0.9562841530054644,0.0,1.0,0.0,0.5445684476282007,2
,903,0.9344262295081968,0.0,1.0,0.0,0.5653371812436325,2
,904,0.825136612021858,0.0,1.0,0.0,0.9642934129442271,2
,905,0.8797814207650273,1.0,1.0,0.0,0.7896900821428474,2
,906,0.7650273224043715,1.0,0.0,0.0,0.0,2
,907,0.9398907103825137,1.0,0.0,0.0,0.9463946303571862,2
,908,0.9453551912568307,1.0,0.0,0.0,0.0,2
,909,0.9617486338797814,1.0,1.0,0.0,0.669591945535779,2
,910,0.7103825136612022,0.0,1.0,0.0,0.8576422670050818,2
,911,0.9672131147540983,0.0,1.0,0.0,0.41011848630651804,2
,912,0.912568306010929,0.0,1.0,0.0,0.9463946303571862,2
,913,0.907103825136612,0.0,1.0,0.0,0.0,2
,914,0.8415300546448088,0.0,1.0,0.0,0.0,2
,915,0.8579234972677596,1.0,1.0,0.0,0.97288250263637,2
,916,0.9344262295081968,0.0,1.0,0.0,0.9463946303571862,2
,917,0.8360655737704918,1.0,1.0,0.0,0.8696249491951251,2
,918,0.9562841530054644,1.0,1.0,0.0,0.0,2
,919,0.8032786885245902,1.0,1.0,0.0,0.6512888470192231,2
,1110,0.9562841530054644,0.9999999999999999,0.37123232664087563,0.25481959578555763,0.0,14
,1107,0.9617486338797814,0.9999999999999999,0.0,0.0,0.0,6
,1106,0.9562841530054644,1.0,0.0,0.0,0.0,2
,1105,0.9562841530054644,1.0,0.0,0.0,0.9372305632161295,8
,1104,0.9180327868852459,1.0,0.0,0.0,0.0,2
,1103,0.9562841530054644,0.9999999999999993,0.0,0.0,0.9372305632161295,31
,1102,0.9453551912568307,1.0,0.5435644431995964,0.3493984702822971,0.3175206571427802,8
,1101,0.9562841530054644,1.0,0.0,0.0,0.0,4
,920,0.9672131147540983,1.0,0.0,0.0,0.0,2
,1100,0.9562841530054644,1.0,0.0,0.0,0.0,2
,921,0.8415300546448088,1.0,1.0,0.0,0.0,2
,922,0.9562841530054644,1.0,1.0,0.0,0.0,2
,923,0.8579234972677596,0.9999999999999999,0.9697238998682474,0.15218358217012873,0.0,6
,924,0.7540983606557377,1.0,1.0,0.0,0.7921878473143421,2
,925,0.9180327868852459,1.0,1.0,0.0,0.6617451580014916,2
,926,0.7814207650273224,1.0,1.0,0.0,0.8340164427030236,2
,927,0.9453551912568307,1.0,1.0,0.0,0.9821410328348752,2
,1109,0.9562841530054644,1.0,0.0,0.0,0.0,2
,928,0.825136612021858,1.0,1.0,0.0,0.7079749057776119,2
,1108,0.9617486338797814,1.0,0.0,0.0,0.0,4
,929,0.9180327868852459,0.9182958340544896,1.0,0.0,0.8699155297736259,3
,1121,0.9289617486338798,1.0,0.0,0.0,0.0,2
,1120,0.9016393442622951,1.0,0.0,0.0,0.0,2
,1118,0.8797814207650273,1.0,0.0,0.0,0.0,4
,1117,0.9672131147540983,1.0,0.0,0.0,0.0,3
,1116,0.8469945355191257,1.0,0.0,0.0,0.965633607142825,2
,1115,0.9617486338797814,0.0,1.0,0.0,0.9602297178607611,4
,1114,0.9398907103825137,1.0,1.0,0.0,0.45548591500359514,2
,1113,0.9562841530054644,1.0,0.0,0.0,0.864973520717927,2
,930,0.907103825136612,1.0,0.9182958340544896,0.3954884891037233,0.5152734452350943,3
,1112,0.9672131147540983,0.9999999999999999,1.0,0.31091750708257115,0.0,6
,931,0.8469945355191257,1.0,1.0,0.0,0.46210535254013824,2
,1111,0.9562841530054644,1.0,0.0,0.0,0.0,8
,932,0.9016393442622951,1.0,1.0,0.0,0.9262621550953116,2
,933,0.9453551912568307,0.9999999999999999,0.9999999999999999,0.0,0.0,6
,934,0.9234972677595629,1.0,1.0,0.0,0.7827759528141421,2
,935,0.9672131147540983,1.0,0.0,0.0,0.6223659728744493,2
,936,0.8306010928961749,1.0,0.0,0.0,0.0,2
,937,0.9453551912568307,1.0,1.0,0.0,0.40392528723498305,2
,938,0.8688524590163934,1.0,0.0,0.0,0.5634173407545278,4
,939,0.9234972677595629,0.9999999999999999,0.0,0.0,0.0,6
,1119,0.8469945355191257,1.0,0.0,0.0,0.0,2
,1132,0.8469945355191257,1.0,0.0,0.0,0.0,2
,1131,0.6885245901639344,1.0,1.0,0.0,0.72483409150576,2
,1130,0.8907103825136612,1.0,0.0,0.0,0.6109105085887243,2
,1129,0.9617486338797814,0.0,1.0,0.0,0.864973520717927,3
,1128,0.8524590163934427,1.0,1.0,0.3954884891037233,0.8922386216326157,4
,1127,0.9617486338797814,1.0,0.0,0.0,0.0,4
,1126,0.8579234972677596,1.0,0.0,0.0,0.0,2
,1125,0.9344262295081968,1.0,0.0,0.0,0.6223659728744493,2
,940,0.9672131147540983,1.0,0.8112781244591328,0.43067655807339306,0.9463946303571862,4
,1124,0.9453551912568307,1.0,0.0,0.0,0.0,4
,941,0.9508196721311475,1.0,0.9182958340544896,0.3954884891037233,0.9214632400757699,3
,1123,0.9562841530054644,1.0,0.0,0.0,0.0,2
,700,0.9180327868852459,1.0,0.0,0.0,0.8699155297736259,3
,942,0.8688524590163934,1.0,1.0,0.0,0.7896900821428474,2
,1122,0.8032786885245902,1.0,0.0,0.0,0.0,2
,701,0.7814207650273224,1.0,1.0,0.0,0.47940585620837967,2
,943,0.9453551912568307,0.0,1.0,0.0,0.858672711073255,2
,702,0.912568306010929,1.0,1.0,0.0,0.0,2
,944,0.9453551912568307,0.0,1.0,0.0,0.0,2
,945,0.8852459016393442,1.0,1.0,0.0,0.0,4
,703,0.8688524590163934,1.0,1.0,0.0,0.0,2
,704,0.6010928961748634,1.0,1.0,0.0,0.7212051199614242,2
,946,0.907103825136612,1.0,1.0,0.0,0.0,2
,705,0.8415300546448088,1.0,1.0,0.0,0.5756075000760148,2
,947,0.9562841530054644,1.0,1.0,0.0,0.9463946303571862,2
,706,0.9398907103825137,1.0,1.0,0.0,0.0,2
,948,0.9672131147540983,1.0,0.9602297178607611,0.31091750708257115,0.9463946303571862,5
,707,0.8688524590163934,1.0,1.0,0.0,0.6961094714265039,2
,949,0.9289617486338798,1.0,0.0,0.0,0.0,2
,708,0.9234972677595629,1.0,0.0,0.0,0.6237998740277074,2
,709,0.45355191256830596,1.0,1.0,0.0,0.8121676633259183,2
,1143,0.7486338797814207,1.0,1.0,0.0,0.5952324067054334,2
,1142,0.9453551912568307,1.0,1.0,0.0,0.0,2
,1141,0.9562841530054644,0.9463946303571862,1.0,0.0,0.0,4
,1140,0.9398907103825137,1.0,0.0,0.0,0.0,2
,1139,0.9398907103825137,1.0,0.0,0.0,0.0,2
,1138,0.9016393442622951,1.0,0.0,0.0,0.0,2
,1137,0.9508196721311475,1.0,0.0,0.0,0.47294195094105684,3
,950,0.9617486338797814,1.0,0.0,0.0,0.0,2
,1136,0.8743169398907104,1.0,1.0,0.0,0.0,2
,951,0.9617486338797814,1.0,0.0,0.0,0.0,2
,1135,0.9508196721311475,1.0,0.0,0.3954884891037233,0.0,3
,710,0.5901639344262295,1.0,1.0,0.0,0.0,2
,952,0.9398907103825137,1.0,1.0,0.0,0.0,2
,1134,0.9617486338797814,1.0,0.0,0.0,0.6021808102656677,2
,711,0.9398907103825137,1.0,1.0,0.0,0.7559279292634754,2
,953,0.9453551912568307,1.0,1.0,0.0,0.0,2
,1133,0.9672131147540983,1.0,0.0,0.0,0.6309297535714574,3
,712,0.7049180327868853,1.0,1.0,0.0,0.0,2
,954,0.8961748633879781,1.0,1.0,0.0,0.7079749057776119,2
,713,0.11475409836065575,1.0,1.0,0.3954884891037233,0.0,3
,955,0.9016393442622951,1.0,1.0,0.0,0.0,2
,714,0.9344262295081968,1.0,0.0,0.0,0.8734790278701756,2
,956,0.7814207650273224,1.0,1.0,0.3954884891037233,0.5491374244631695,4
,715,0.9453551912568307,1.0,0.0,0.0,0.5462947022805017,2
,957,0.8688524590163934,1.0,1.0,0.0,0.0,4
,716,0.7377049180327868,1.0,1.0,0.0,0.9724616681466847,2
,958,0.912568306010929,1.0,1.0,0.0,0.0,3
,717,0.9453551912568307,1.0,1.0,0.0,0.8024052436705214,2
,959,0.9617486338797814,1.0,1.0,0.0,0.9141008920185651,2
,718,0.9617486338797814,1.0,0.0,0.0,0.45548591500359514,2
,719,0.9562841530054644,1.0,1.0,0.0,0.45548591500359514,2
,1154,0.9344262295081968,1.0,1.0,0.0,0.4415611452690479,4
,1153,0.9180327868852459,1.0,0.0,0.0,0.35442643442714344,5
,1152,0.9344262295081968,1.0,0.0,0.0,0.4315802016311458,2
,1151,0.8907103825136612,1.0,0.0,0.0,0.0,2
,1150,0.9344262295081968,0.0,1.0,0.0,0.4878527713892913,2
,1149,0.8633879781420765,0.0,1.0,0.0,0.8517533937557689,2
,960,0.9289617486338798,1.0,1.0,0.0,0.0,2
,1148,0.9180327868852459,1.0,1.0,0.279949419226045,0.9770455804590024,4
,961,0.9562841530054644,1.0,1.0,0.0,0.0,2
,1147,0.9289617486338798,1.0,0.0,0.0,0.6216097450797566,2
,720,0.9453551912568307,1.0,1.0,0.0,0.9463946303571862,2
,962,0.9398907103825137,1.0,1.0,0.0,0.0,2
,1146,0.9617486338797814,1.0,1.0,0.0,0.0,3
,1145,0.8360655737704918,1.0,1.0,0.0,0.0,4
,721,0.9617486338797814,1.0,0.0,0.0,0.0,2
,963,0.9344262295081968,1.0,1.0,0.0,0.864973520717927,3
,1144,0.9234972677595629,0.9463946303571862,1.0,0.0,0.8292439007914474,4
,722,0.8852459016393442,1.0,0.9609640474436811,0.2019854079986195,0.0,5
,964,0.9453551912568307,0.0,1.0,0.0,0.3733039603858873,3
,723,0.9508196721311475,0.0,1.0,0.0,0.9602297178607611,2
,965,0.8907103825136612,1.0,1.0,0.0,0.9565826682888481,2
,724,0.6612021857923498,0.0,1.0,0.0,0.9521407120972796,2
,966,0.9180327868852459,1.0,0.0,0.0,0.7559699029892673,2
,725,0.9289617486338798,1.0,1.0,0.0,0.8527924884900404,3
,967,0.819672131147541,1.0,1.0,0.0,0.0,2
,726,0.912568306010929,1.0,1.0,0.0,0.3733039603858873,2
,968,0.8961748633879781,1.0,0.0,0.0,0.5762173955216959,2
,727,0.6010928961748634,1.0,1.0,0.0,0.541811861950784,2
,969,0.9398907103825137,1.0,0.0,0.0,0.6126016192893442,2
,728,0.9672131147540983,1.0,1.0,0.0,0.45548591500359514,3
,729,0.9398907103825137,1.0,0.0,0.0,0.2610893633857883,3
,1165,0.9453551912568307,1.0,0.0,0.0,0.0,2
,1164,0.9562841530054644,1.0,0.0,0.0,0.0,2
,1163,0.9289617486338798,1.0,0.0,0.0,0.0,3
,1162,0.912568306010929,1.0,0.0,0.0,0.0,2
,1161,0.9562841530054644,1.0,0.0,0.0,0.0,2
,1160,0.9672131147540983,1.0,1.0,0.0,0.0,4
,970,0.9453551912568307,1.0,0.7219280948873623,0.4181656600790516,0.0,5
,971,0.9617486338797814,1.0,0.0,0.0,0.0,4
,1159,0.9672131147540983,1.0,1.0,0.0,0.0,4
,730,0.6830601092896175,1.0,1.0,0.0,0.0,2
,972,0.8688524590163934,1.0,0.0,0.0,0.6709263122743749,2
,1158,0.9672131147540983,1.0,1.0,0.0,0.0,2
,731,0.8360655737704918,1.0,1.0,0.0,0.0,2
,973,0.9234972677595629,1.0,1.0,0.0,0.8350554511591552,2
,1157,0.9672131147540983,1.0,1.0,0.3954884891037233,0.0,4
,732,0.9562841530054644,1.0,1.0,0.0,0.0,2
,974,0.907103825136612,1.0,1.0,0.0,0.0,2
,1156,0.9672131147540983,1.0,0.0,0.0,0.0,2
,733,0.8907103825136612,1.0,1.0,0.0,0.4315802016311458,3
,975,0.9617486338797814,0.9463946303571862,1.0,0.0,0.9463946303571862,4
,1155,0.9398907103825137,1.0,0.0,0.0,0.0,2
,734,0.8579234972677596,1.0,1.0,0.0,0.929252365043453,2
,976,0.8579234972677596,0.0,1.0,0.0,0.8198746470064714,2
,735,0.9398907103825137,1.0,1.0,0.0,0.0,2
,977,0.9672131147540983,1.0,0.0,0.0,0.864973520717927,2
,736,0.912568306010929,1.0,0.7219280948873623,0.4181656600790516,0.6126016192893442,5
,978,0.9672131147540983,1.0,0.0,0.0,0.0,3
,737,0.9180327868852459,1.0,0.0,0.0,0.6195356586779281,2
,979,0.9562841530054644,1.0,0.0,0.0,0.5462947022805017,2
,738,0.8852459016393442,1.0,0.0,0.0,0.31367793319391746,5
,739,0.8961748633879781,1.0,0.0,0.0,0.0,3
,1176,0.912568306010929,1.0,0.0,0.0,0.0,3
,1175,0.8688524590163934,1.0,0.0,0.0,0.0,2
,1174,0.8743169398907104,1.0,0.0,0.0,0.0,4
,1173,0.9453551912568307,1.0,0.0,0.0,0.0,2
,1172,0.9562841530054644,1.0,0.0,0.0,0.0,2
,1171,0.9398907103825137,1.0,0.0,0.0,0.0,3
,1170,0.9344262295081968,1.0,0.0,0.0,0.0,2
,980,0.8524590163934427,1.0,1.0,0.0,0.9262621550953116,2
,981,0.1693989071038251,1.0,1.0,0.0,0.0,2
,740,0.9016393442622951,1.0,0.0,0.0,0.0,2
,982,0.9617486338797814,0.0,1.0,0.0,0.7298466991620974,2
,741,0.9398907103825137,1.0,0.0,0.0,0.0,3
,983,0.912568306010929,1.0,1.0,0.0,0.7499999999999999,2
,1169,0.9617486338797814,1.0,0.0,0.0,0.0,4
,742,0.7704918032786885,1.0,1.0,0.0,0.0,3
,500,0.9234972677595629,1.0,0.0,0.0,0.5122187561880754,2
,984,0.912568306010929,1.0,1.0,0.0,0.0,2
,1168,0.9234972677595629,1.0,0.0,0.0,0.0,4
,501,0.6830601092896175,1.0,0.0,0.0,0.40351514000041366,2
,743,0.9180327868852459,1.0,1.0,0.0,0.5959059181125509,2
,985,0.9562841530054644,1.0,1.0,0.0,0.0,3
,1167,0.9508196721311475,1.0,0.0,0.0,0.0,2
,502,0.36612021857923494,1.0,0.0,0.0,0.786325033925035,2
,744,0.9672131147540983,1.0,0.0,0.0,0.579380164285695,2
,986,0.9398907103825137,0.0,1.0,0.0,0.0,2
,1166,0.9398907103825137,1.0,0.0,0.0,0.0,3
,745,0.9398907103825137,0.0,1.0,0.0,0.7193329040881773,3
,503,0.7650273224043715,1.0,0.9609640474436811,0.2019854079986195,0.9463946303571862,5
,987,0.9672131147540983,1.0,0.0,0.0,0.9463946303571862,2
,746,0.9562841530054644,0.0,1.0,0.0,0.8699155297736259,3
,504,0.9453551912568307,1.0,0.0,0.0,0.0,2
,988,0.9508196721311475,1.0,0.0,0.0,0.0,2
,747,0.8524590163934427,1.0,1.0,0.31091750708257115,0.5118595071429148,6
,505,0.9453551912568307,1.0,1.0,0.0,0.7827759528141421,2
,989,0.7650273224043715,1.0,0.0,0.0,0.9380776413823051,2
,506,0.9617486338797814,1.0,0.0,0.0,0.0,2
,748,0.9672131147540983,0.0,1.0,0.0,0.0,2
,507,0.9617486338797814,1.0,0.0,0.0,0.0,2
,749,0.9453551912568307,1.0,0.0,0.0,0.0,2
,508,0.9617486338797814,1.0,0.0,0.0,0.0,3
,509,0.9617486338797814,1.0,0.0,0.0,0.0,3
,1187,0.9617486338797814,1.0,0.0,0.0,0.0,2
,1186,0.9617486338797814,1.0,0.0,0.0,0.0,2
,1185,0.9672131147540983,1.0,0.0,0.0,0.0,3
,1184,0.8360655737704918,1.0,0.0,0.0,0.22656790017754913,2
,1183,0.912568306010929,1.0,1.0,0.0,0.3625547592300895,3
,1182,0.8688524590163934,1.0,1.0,0.0,0.0,5
,1181,0.8688524590163934,0.0,1.0,0.0,0.0,2
,1180,0.7978142076502732,1.0,0.0,0.0,0.0,3
,990,0.9617486338797814,1.0,0.0,0.0,0.0,2
,991,0.9180327868852459,0.9182958340544896,1.0,0.3954884891037233,0.5633841440162103,3
,750,0.9016393442622951,0.0,1.0,0.0,0.22294491816723944,4
,992,0.9672131147540983,0.0,1.0,0.0,1.0,2
,751,0.9234972677595629,0.8112781244591328,1.0,0.0,0.72483409150576,4
,993,0.9453551912568307,1.0,0.0,0.0,0.7896900821428474,2
,510,0.10928961748633881,1.0,0.9182958340544896,0.3954884891037233,0.8091343544494713,3
,752,0.9617486338797814,1.0,0.0,0.0,0.579380164285695,2
,994,0.8469945355191257,1.0,0.0,0.0,0.0,2
,511,0.8579234972677596,1.0,0.9182958340544896,0.3954884891037233,0.850003100590503,3
,753,0.9234972677595629,1.0,1.0,0.0,0.0,2
,995,0.9562841530054644,1.0,0.0,0.0,0.0,2
,1179,0.9453551912568307,1.0,0.0,0.0,0.0,3
,512,0.5464480874316939,1.0,1.0,0.0,0.0,2
,754,0.9562841530054644,0.0,1.0,0.0,0.0,2
,996,0.9672131147540983,1.0,0.0,0.0,0.920619835714305,2
,1178,0.8633879781420765,1.0,1.0,0.0,0.0,2
,513,0.0,1.0,1.0,0.0,0.7984025479688386,2
,755,0.8633879781420765,1.0,1.0,0.0,0.0,2
,997,0.9016393442622951,1.0,0.0,0.0,0.27729172565378846,2
,1177,0.8797814207650273,1.0,0.0,0.0,0.0,2
,514,0.4426229508196722,1.0,1.0,0.0,0.0,2
,756,0.8907103825136612,1.0,0.0,0.0,0.11309798613327454,2
,998,0.912568306010929,1.0,1.0,0.0,0.0,2
,515,0.8688524590163934,1.0,1.0,0.0,0.0,2
,757,0.9289617486338798,1.0,1.0,0.0,0.0,2
,999,0.9672131147540983,1.0,0.0,0.0,1.0,2
,516,0.9234972677595629,1.0,1.0,0.0,0.0,2
,758,0.8961748633879781,1.0,0.0,0.0,0.0,2
,517,0.6557377049180328,1.0,0.9709505944546686,0.4181656600790516,0.0,5
,759,0.8961748633879781,1.0,0.0,0.0,0.0,3
,518,0.7377049180327868,1.0,1.0,0.0,0.0,2
,519,0.7923497267759563,1.0,1.0,0.0,0.0,2
,1190,0.825136612021858,1.0,0.0,0.0,0.0,2
,1198,0.9562841530054644,1.0,0.0,0.0,0.5445684476282007,2
,1197,0.9562841530054644,1.0,0.0,0.0,0.5445684476282007,2
,1196,0.9508196721311475,1.0,0.0,0.0,0.6021808102656677,3
,1195,0.8961748633879781,1.0,1.0,0.0,0.0,2
,1194,0.9562841530054644,1.0,0.0,0.0,0.0,5
,1193,0.9398907103825137,1.0,1.0,0.0,0.0,2
,1192,0.8907103825136612,1.0,0.0,0.0,0.0,2
,1191,0.8688524590163934,1.0,0.0,0.0,0.0,3
,760,0.9672131147540983,1.0,1.0,0.0,0.579380164285695,2
,761,0.819672131147541,1.0,0.0,0.0,0.0,2
,520,0.8688524590163934,1.0,1.0,0.0,0.0,2
,762,0.9344262295081968,1.0,1.0,0.0,0.3175206571427802,2
,521,0.8852459016393442,1.0,0.9182958340544896,0.3954884891037233,0.0,3
,763,0.9508196721311475,1.0,0.9182958340544896,0.3954884891037233,0.45548591500359514,3
,522,0.907103825136612,1.0,1.0,0.0,0.0,2
,764,0.9289617486338798,0.9463946303571862,1.0,0.0,0.0,4
,523,0.9562841530054644,1.0,1.0,0.3954884891037233,0.9850568223215077,4
,765,0.912568306010929,1.0,1.0,0.0,0.5462947022805017,2
,1189,0.912568306010929,1.0,0.0,0.0,0.0,2
,524,0.9180327868852459,0.0,1.0,0.0,0.0,2
,766,0.7704918032786885,0.0,1.0,0.0,0.0,2
,1188,0.9234972677595629,1.0,0.0,0.0,0.0,3
,525,0.8907103825136612,1.0,1.0,0.0,0.0,2
,767,0.8524590163934427,1.0,1.0,0.0,0.0,2
,526,0.9453551912568307,1.0,1.0,0.3954884891037233,0.0,4
,768,0.9672131147540983,0.0,1.0,0.0,0.0,2
,527,0.9453551912568307,0.9463946303571862,1.0,0.3954884891037233,0.0,4
,769,0.9180327868852459,1.0,1.0,0.0,0.23422152036528643,3
,528,0.8961748633879781,1.0,1.0,0.0,0.0,2
,529,0.9398907103825137,1.0,1.0,0.0,0.9056185178648963,2
,770,0.9016393442622951,0.0,1.0,0.0,0.0,2
,771,0.9672131147540983,1.0,0.0,0.0,0.0,2
,530,0.9016393442622951,0.0,1.0,0.0,0.0,2
,772,0.9617486338797814,1.0,1.0,0.0,0.0,3
,531,0.8961748633879781,1.0,1.0,0.0,0.0,2
,773,0.9617486338797814,0.9463946303571862,1.0,0.0,0.0,4
,532,0.9016393442622951,1.0,1.0,0.0,0.0,2
,774,0.9234972677595629,1.0,0.0,0.0,0.0,2
,533,0.8469945355191257,1.0,1.0,0.0,0.0,2
,775,0.9344262295081968,1.0,0.0,0.0,0.0,2
,534,0.9344262295081968,1.0,1.0,0.279949419226045,0.0,4
,776,0.9453551912568307,1.0,0.0,0.0,0.0,2
,535,0.8306010928961749,0.0,1.0,0.0,0.9643787017331664,2
,777,0.8032786885245902,1.0,0.0,0.0,0.0,2
,1199,0.9672131147540983,1.0,0.0,0.0,0.0,2
,536,0.9672131147540983,0.0,1.0,0.0,0.6309297535714574,2
,778,0.9234972677595629,1.0,0.0,0.0,0.0,2
,537,0.8797814207650273,1.0,1.0,0.0,0.8280516427049733,2
,779,0.9617486338797814,0.0,1.0,0.0,0.3733039603858873,2
,538,0.9672131147540983,1.0,1.0,0.0,0.8868595071429146,2
,539,0.9344262295081968,1.0,1.0,0.0,0.7835807040488096,2
,780,0.9453551912568307,0.0,1.0,0.0,0.0,2
,781,0.8852459016393442,1.0,1.0,0.0,0.0,2
,540,0.8907103825136612,1.0,1.0,0.0,0.8387794678549644,2
,782,0.9672131147540983,1.0,1.0,0.0,0.0,3
,541,0.9398907103825137,1.0,0.0,0.0,0.0,2
,783,0.9672131147540983,1.0,1.0,0.0,0.0,2
,300,0.8852459016393442,1.0,0.0,0.0,0.0,2
,542,0.9672131147540983,1.0,0.0,0.0,0.9463946303571862,2
,784,0.9453551912568307,1.0,1.0,0.0,0.0,2
,301,0.8797814207650273,0.0,1.0,0.0,0.0,2
,543,0.9672131147540983,1.0,0.0,0.0,0.9463946303571862,3
,785,0.9398907103825137,1.0,0.0,0.0,0.0,3
,302,0.5792349726775956,0.0,1.0,0.0,0.0,2
,544,0.9672131147540983,1.0,0.0,0.0,0.864973520717927,2
,786,0.9398907103825137,1.0,0.0,0.0,0.0,2
,303,0.9617486338797814,0.0,1.0,0.0,0.0,2
,545,0.9672131147540983,1.0,0.0,0.0,0.864973520717927,2
,787,0.9180327868852459,1.0,1.0,0.0,0.0,2
,304,0.9672131147540983,0.0,1.0,0.0,0.0,2
,546,0.825136612021858,1.0,1.0,0.0,0.0,2
,788,0.9234972677595629,1.0,0.0,0.0,0.0,2
,305,0.9398907103825137,0.0,1.0,0.0,0.0,2
,547,0.8415300546448088,1.0,1.0,0.0,0.0,2
,789,0.8633879781420765,1.0,0.0,0.0,0.0,2
,306,0.9508196721311475,0.0,1.0,0.0,0.0,2
,548,0.8743169398907104,1.0,0.0,0.0,0.6126016192893442,2
,307,0.9672131147540983,0.0,1.0,0.0,0.0,2
,549,0.9398907103825137,1.0,0.0,0.0,0.9463946303571862,2
,308,0.9672131147540983,0.0,1.0,0.0,0.0,2
,309,0.9344262295081968,0.0,1.0,0.0,0.0,2
,790,0.9289617486338798,1.0,0.0,0.0,0.0,4
,791,0.9672131147540983,1.0,0.0,0.0,0.0,3
,550,0.7868852459016393,1.0,1.0,0.0,0.7896900821428474,2
,792,0.9398907103825137,1.0,0.0,0.0,0.0,2
,551,0.9289617486338798,1.0,1.0,0.0,0.9922150607220181,2
,793,0.9508196721311475,1.0,0.0,0.0,0.0,2
,310,0.9672131147540983,0.0,1.0,0.0,0.0,2
,552,0.8524590163934427,1.0,1.0,0.0,0.7517232451112141,2
,794,0.9617486338797814,1.0,0.0,0.0,0.0,2
,311,0.9672131147540983,0.0,1.0,0.0,0.5118595071429148,2
,553,0.9562841530054644,1.0,1.0,0.0,0.0,2
,795,0.9508196721311475,1.0,0.0,0.0,0.0,2
,312,0.9398907103825137,1.0,0.9182958340544896,0.3954884891037233,0.0,3
,554,0.9453551912568307,0.0,1.0,0.0,0.0,2
,796,0.8469945355191257,1.0,0.0,0.0,0.0,3
,313,0.9617486338797814,1.0,1.0,0.0,0.0,4
,555,0.9562841530054644,0.9463946303571862,1.0,0.0,0.0,4
,797,0.9344262295081968,1.0,0.0,0.0,0.0,2
,314,0.9453551912568307,1.0,0.0,0.0,0.0,2
,556,0.9453551912568307,1.0,1.0,0.0,0.4878527713892913,2
,798,0.9453551912568307,1.0,0.0,0.0,0.0,4
,799,0.912568306010929,0.9463946303571862,1.0,0.0,0.44155167050817345,4
,315,0.9344262295081968,1.0,0.0,0.0,0.0,2
,557,0.9562841530054644,1.0,1.0,0.0,0.0,2
,316,0.9508196721311475,0.0,1.0,0.0,0.0,2
,558,0.9508196721311475,1.0,0.0,0.0,0.0,2
,317,0.9617486338797814,0.9591479170272448,1.0,0.31091750708257115,0.0,6
,559,0.8743169398907104,1.0,0.9182958340544896,0.3954884891037233,0.0,3
,318,0.9617486338797814,0.9182958340544896,1.0,0.0,0.0,3
,319,0.9617486338797814,0.9182958340544896,1.0,0.0,0.0,3
,560,0.8415300546448088,1.0,1.0,0.3954884891037233,0.0,4
,561,0.9234972677595629,1.0,1.0,0.0,0.0,2
,320,0.9617486338797814,0.9182958340544896,1.0,0.0,0.0,3
,562,0.9508196721311475,1.0,0.0,0.0,0.0,2
,321,0.9562841530054644,1.0,1.0,0.0,0.0,3
,563,0.9398907103825137,0.9999999999999999,1.0,0.4181656600790516,0.0,6
,322,0.9508196721311475,1.0,1.0,0.0,0.0,2
,564,0.9398907103825137,1.0,0.0,0.0,0.0,2
,323,0.9562841530054644,0.0,1.0,0.0,0.0,5
,565,0.9234972677595629,1.0,1.0,0.0,0.0,2
,324,0.8961748633879781,0.9182958340544896,1.0,0.0,0.0,3
,566,0.8688524590163934,1.0,1.0,0.0,0.0,2
,325,0.9562841530054644,1.0,1.0,0.0,0.0,2
,567,0.7540983606557377,1.0,1.0,0.0,0.0,3
,326,0.9508196721311475,0.9697238998682474,1.0,0.31091750708257115,0.0,6
,568,0.912568306010929,0.9182958340544896,1.0,0.3954884891037233,0.0,3
,327,0.9617486338797814,0.9591479170272448,1.0,0.31091750708257115,0.0,6
,569,0.9453551912568307,1.0,0.0,0.0,0.0,4
,328,0.9617486338797814,0.9182958340544896,1.0,0.0,0.0,3
,329,0.9617486338797814,1.0,0.0,0.0,0.0,3
,570,0.9453551912568307,1.0,0.0,0.0,0.0,2
,571,0.8579234972677596,0.0,1.0,0.0,0.9746913179422252,2
,330,0.9562841530054644,1.0,0.0,0.0,0.0,2
,572,0.8743169398907104,1.0,1.0,0.0,0.6570961540065721,2
,331,0.9617486338797814,1.0,1.0,0.0,0.0,2
,573,0.8797814207650273,1.0,1.0,0.0,0.8590373164768424,2
,332,0.9617486338797814,1.0,1.0,0.3954884891037233,0.3733039603858873,4
,574,0.8907103825136612,1.0,1.0,0.0,0.8851529531815772,4
,333,0.9562841530054644,1.0,1.0,0.3954884891037233,0.0,4
,575,0.8797814207650273,1.0,0.0,0.0,0.8721249771510844,2
,334,0.9617486338797814,0.0,1.0,0.0,0.0,2
,576,0.9562841530054644,0.0,1.0,0.0,0.9372305632161295,2
,335,0.9672131147540983,0.0,1.0,0.0,0.0,2
,577,0.9672131147540983,0.0,1.0,0.0,0.669591945535779,2
,336,0.9617486338797814,0.9591479170272448,1.0,0.31091750708257115,0.0,6
,578,0.9180327868852459,0.0,1.0,0.0,0.8342022886441012,2
,337,0.9672131147540983,0.0,1.0,0.0,0.0,2
,579,0.912568306010929,1.0,1.0,0.0,0.8734790278701756,2
,338,0.9398907103825137,0.9182958340544896,1.0,0.0,0.0,3
,339,0.9180327868852459,0.9683925140412226,1.0,0.3493984702822971,0.0,9
,580,0.8306010928961749,1.0,0.0,0.0,0.9717904016449084,2
,581,0.8579234972677596,1.0,1.0,0.0,0.0,2
,340,0.9289617486338798,0.9182958340544896,1.0,0.0,0.0,3
,582,0.7322404371584699,1.0,1.0,0.0,0.0,2
,341,0.9617486338797814,0.9182958340544896,1.0,0.0,0.0,3
,583,0.9617486338797814,1.0,0.0,0.0,0.920619835714305,2
,100,0.9508196721311475,1.0,0.0,0.0,0.42181719939455997,2
,584,0.9344262295081968,1.0,0.9182958340544896,0.3954884891037233,0.0,3
,342,0.9562841530054644,1.0,1.0,0.0,0.0,2
,101,0.912568306010929,1.0,0.0,0.0,0.0,2
,343,0.9398907103825137,1.0,0.0,0.0,0.0,2
,585,0.8633879781420765,1.0,0.0,0.0,0.6567045482143385,2
,102,0.9289617486338798,1.0000000000000002,0.8699155297736259,0.3954884891037233,0.0,7
,344,0.912568306010929,1.0,0.0,0.0,0.0,2
,586,0.9672131147540983,0.0,1.0,0.0,0.0,2
,103,0.8032786885245902,1.0,0.0,0.0,0.5666120132441935,5
,345,0.9617486338797814,1.0,1.0,0.0,0.7896900821428474,2
,587,0.8306010928961749,1.0,1.0,0.0,0.0,2
,104,0.8743169398907104,0.9999999999999999,0.9999999999999999,0.0,0.4860328054737839,6
,346,0.8688524590163934,1.0,1.0,0.3954884891037233,0.0,4
,588,0.907103825136612,1.0,1.0,0.0,0.0,2
,105,0.9180327868852459,1.0,1.0,0.0,0.0,2
,347,0.9234972677595629,1.0,1.0,0.0,0.23422152036528643,2
,589,0.9617486338797814,1.0,0.0,0.0,0.0,2
,106,0.8907103825136612,1.0,1.0,0.0,0.0,5
,348,0.9289617486338798,1.0,0.0,0.0,0.0,3
,107,0.6065573770491803,1.0,0.0,0.0,0.09068111698162355,3
,349,0.9016393442622951,1.0,0.0,0.0,0.16830996801605602,5
,108,0.8797814207650273,1.0,1.0,0.0,0.2463478666754271,4
,109,0.912568306010929,1.0,0.0,0.0,0.34295098019812775,4
,590,0.9617486338797814,1.0,1.0,0.0,0.0,2
,591,0.9562841530054644,1.0,0.0,0.0,0.0,2
,350,0.9289617486338798,1.0,0.0,0.0,0.0,3
,592,0.9453551912568307,1.0,0.0,0.0,0.0,2
,351,0.8961748633879781,1.0,1.0,0.0,0.0,2
,593,0.24590163934426235,1.0,1.0,0.0,0.8903212340401653,2
,110,0.8469945355191257,1.0,0.0,0.0,0.0,2
,352,0.8961748633879781,1.0,1.0,0.0,0.0,2
,594,0.7704918032786885,1.0,1.0,0.0,0.0,2
,111,0.8961748633879781,1.0,1.0,0.0,0.0,2
,353,0.9672131147540983,1.0,1.0,0.0,0.579380164285695,2
,595,0.9453551912568307,1.0,1.0,0.3954884891037233,0.0,4
,112,0.9289617486338798,0.9999999999999999,0.0,0.0,0.27729172565378846,6
,354,0.9672131147540983,0.9463946303571862,1.0,0.3954884891037233,0.0,4
,596,0.912568306010929,0.0,1.0,0.0,0.0,2
,113,0.8633879781420765,1.0,0.0,0.0,0.0,2
,355,0.9344262295081968,0.0,1.0,0.0,0.0,2
,597,0.9234972677595629,1.0,1.0,0.0,0.7453115759478263,2
,114,0.8907103825136612,1.0,1.0,0.3954884891037233,0.0,4
,356,0.9508196721311475,0.0,1.0,0.0,0.41011848630651804,2
,598,0.9398907103825137,1.0,0.0,0.0,0.5816718657178868,2
,115,0.9344262295081968,1.0,1.0,0.0,0.0,2
,357,0.9617486338797814,0.9912793004828555,0.9975025463691153,0.43045442954892976,0.0,34
,599,0.8852459016393442,1.0,0.0,0.0,0.8868595071429146,2
,116,0.9344262295081968,1.0,1.0,0.0,0.0,3
,358,0.9453551912568307,0.9881090915741203,0.9182958340544896,0.4303912366491104,0.0,12
,117,0.8961748633879781,1.0,1.0,0.0,0.0,2
,359,0.9672131147540983,1.0,1.0,0.3954884891037233,0.0,4
,118,0.9234972677595629,1.0000000000000002,1.0000000000000002,0.0,0.0,9
,119,0.9234972677595629,1.0000000000000002,1.0000000000000002,0.0,0.0,7
,10,0.9180327868852459,1.0000000000000002,1.0000000000000002,0.0,0.0,7
,11,0.9234972677595629,1.0,1.0,0.0,0.0,2
,12,0.8743169398907104,1.0,1.0,0.0,0.5011535315688265,2
,13,0.9562841530054644,1.0,1.0,0.0,0.9463946303571862,2
,14,0.8961748633879781,1.0,0.0,0.0,0.0,2
,15,0.8907103825136612,1.0,0.0,0.0,0.0,4
,16,0.9289617486338798,0.0,1.0,0.0,0.0,2
,17,0.8469945355191257,1.0,1.0,0.0,0.0,2
,18,0.8633879781420765,1.0,0.0,0.0,0.0,4
,19,0.8087431693989071,1.0,1.0,0.0,0.0,2
,360,0.9562841530054644,0.9811165970462595,0.9991421039919088,0.43030708237344345,0.0,29
,361,0.8415300546448088,1.0,1.0,0.0,0.0,3
,120,0.8688524590163934,1.0,1.0,0.0,0.0,2
,362,0.9289617486338798,1.0,0.0,0.0,0.0,3
,121,0.9453551912568307,0.0,1.0,0.0,0.9372305632161295,2
,363,0.9234972677595629,1.0,0.0,0.0,0.0,3
,122,0.8579234972677596,0.0,1.0,0.0,0.7976051012250924,2
,364,0.8633879781420765,1.0,1.0,0.0,0.0,2
,123,0.9562841530054644,1.0,0.0,0.0,0.8527924884900404,2
,365,0.7923497267759563,1.0,1.0,0.0,0.0,4
,124,0.8743169398907104,1.0,0.0,0.0,0.0,2
,366,0.9672131147540983,1.0,0.0,0.0,0.864973520717927,2
,125,0.9344262295081968,1.0,0.0,0.0,0.0,2
,367,0.8469945355191257,1.0,1.0,0.0,0.0,2
,126,0.9562841530054644,1.0,0.0,0.0,0.0,2
,368,0.8360655737704918,1.0,1.0,0.0,0.8574959979299553,2
,127,0.9180327868852459,1.0,1.0,0.0,0.39078665545522084,2
,369,0.819672131147541,1.0,1.0,0.3954884891037233,0.0,3
,128,0.907103825136612,0.9999999999999999,0.0,0.0,0.24684720518702508,6
,129,0.907103825136612,1.0,0.0,0.0,0.2610893633857883,4
,20,0.9180327868852459,1.0,0.9602297178607611,0.31091750708257115,0.3175206571427802,5
,21,0.9289617486338798,1.0,1.0,0.0,0.0,2
,22,0.9398907103825137,1.0,1.0,0.0,0.0,2
,23,0.9453551912568307,1.0,0.0,0.0,0.0,2
,24,0.8579234972677596,1.0,1.0,0.0,0.27729172565378846,2
,25,0.9016393442622951,1.0,0.0,0.0,0.0,2
,26,0.8852459016393442,1.0,1.0,0.0,0.0,2
,27,0.8797814207650273,1.0,0.9463946303571862,0.279949419226045,0.0,4
,28,0.8032786885245902,1.0,0.9182958340544896,0.3954884891037233,0.0,3
,29,0.9398907103825137,1.0,1.0,0.0,0.9821410328348752,2
,370,0.48633879781420764,1.0,0.0,0.0,0.3599476872329075,2
,371,0.9016393442622951,1.0,1.0,0.0,0.40392528723498305,2
,130,0.8852459016393442,1.0,0.0,0.0,0.0,3
,372,0.9453551912568307,1.0,0.0,0.0,0.0,2
,131,0.7978142076502732,1.0,0.0,0.0,0.0,2
,373,0.9289617486338798,1.0,0.0,0.0,0.0,2
,132,0.8579234972677596,1.0,0.0,0.0,0.3042211976516048,2
,374,0.9180327868852459,1.0,0.0,0.0,0.24684720518702508,2
,133,0.7978142076502732,1.0,1.0,0.0,0.3237837983572334,2
,375,0.9234972677595629,0.0,1.0,0.0,0.8173454221465102,2
,134,0.8961748633879781,1.0,1.0,0.0,0.0,2
,376,0.7213114754098361,1.0,1.0,0.0,0.0,2
,135,0.8961748633879781,0.9999999999999994,0.9736854125530399,0.04191562030137956,0.0,46
,377,0.912568306010929,0.0,1.0,0.0,0.0,2
,136,0.9234972677595629,1.0,0.0,0.0,0.22294491816723944,2
,378,0.907103825136612,1.0,1.0,0.0,0.0,2
,137,0.9016393442622951,1.0,0.0,0.0,0.23422152036528643,3
,379,0.16393442622950816,1.0,1.0,0.0,0.0,2
,138,0.9234972677595629,1.0,0.0,0.0,0.0,2
,139,0.8797814207650273,1.0,0.9463946303571862,0.279949419226045,0.0,4
,30,0.9234972677595629,1.0,1.0,0.0,0.19530015947347854,2
,31,0.9016393442622951,1.0,1.0,0.3954884891037233,0.0,4
,32,0.8032786885245902,1.0,1.0,0.0,0.0,4
,33,0.9234972677595629,0.9999999999999999,0.9999999999999999,0.0,0.47294195094105684,14
,34,0.7814207650273224,1.0,0.9182958340544896,0.3954884891037233,0.06445454473665377,3
,35,0.9508196721311475,1.0,1.0,0.0,0.579380164285695,3
,36,0.8579234972677596,1.0,0.9182958340544896,0.3954884891037233,0.0,3
,37,0.825136612021858,1.0,0.0,0.0,0.20363696854060848,2
,38,0.8961748633879781,1.0,0.9182958340544896,0.3954884891037233,0.22842890703676905,3
,39,0.907103825136612,1.0,1.0,0.3954884891037233,0.0,4
,380,0.9508196721311475,1.0,1.0,0.0,1.0,2
,381,0.9508196721311475,0.0,1.0,0.0,0.0,2
,140,0.9180327868852459,0.9999999999999999,0.9591479170272448,0.24398236439806156,0.0,6
,382,0.9672131147540983,0.0,1.0,0.0,0.864973520717927,2
,141,0.912568306010929,1.0,1.0,0.0,0.0,2
,383,0.7431693989071038,1.0,1.0,0.0,0.6137474649820718,2
,142,0.907103825136612,1.0,1.0,0.0,0.0,2
,384,0.9562841530054644,0.0,1.0,0.0,0.0,2
,143,0.7814207650273224,1.0,0.0,0.0,0.23225470966069256,4
,385,0.9672131147540983,1.0,1.0,0.3954884891037233,1.0,4
,144,0.9289617486338798,1.0,1.0,0.0,0.826074224242703,2
,386,0.9672131147540983,0.0,1.0,0.0,1.0,2
,145,0.8852459016393442,1.0,1.0,0.0,0.0,2
,387,0.9672131147540983,1.0,1.0,0.3954884891037233,1.0,4
,146,0.8688524590163934,1.0,0.0,0.0,0.0,2
,388,0.9672131147540983,0.0,1.0,0.0,0.9141008920185651,2
,147,0.8469945355191257,1.0,0.0,0.0,0.6908140210976049,2
,389,0.9617486338797814,0.9182958340544896,0.9182958340544896,0.3954884891037233,0.5118595071429148,3
,148,0.9289617486338798,1.0,0.0,0.0,0.0,5
,149,0.912568306010929,1.0,0.0,0.0,0.0,2
,40,0.9234972677595629,1.0,1.0,0.0,0.0,2
,41,0.8797814207650273,1.0,0.9182958340544896,0.3954884891037233,0.0,3
,42,0.8961748633879781,1.0,0.0,0.0,0.0,2
,43,0.7377049180327868,1.0000000000000002,0.9708357627258161,0.13331309864069724,0.0,9
,44,0.9234972677595629,1.0,1.0,0.0,0.0,2
,45,0.912568306010929,1.0,1.0,0.0,0.0,3
,46,0.912568306010929,1.0,1.0,0.0,0.0,4
,47,0.9016393442622951,1.0,1.0,0.0,0.0,2
,48,0.8524590163934427,1.0,0.0,0.0,0.0,2
,390,0.9617486338797814,0.0,1.0,0.0,0.8868595071429146,2
,391,0.9398907103825137,1.0,0.0,0.0,0.7559752426306121,2
,150,0.6939890710382514,1.0,1.0,0.0,0.4560725552838437,2
,392,0.9672131147540983,1.0,0.0,0.0,0.7827759528141421,2
,151,0.9344262295081968,1.0,0.9182958340544896,0.3954884891037233,0.0,3
,393,0.9344262295081968,0.0,1.0,0.0,0.9602297178607611,2
,152,0.6885245901639344,1.0,1.0,0.0,0.0,2
,394,0.9289617486338798,0.9182958340544896,1.0,0.0,0.0,3
,153,0.9289617486338798,0.0,1.0,0.0,0.4392610297141857,2
,395,0.9672131147540983,1.0,1.0,0.0,0.0,2
,154,0.6775956284153005,1.0,1.0,0.0,0.20057333550190817,4
,396,0.9562841530054644,0.0,1.0,0.0,0.0,2
,155,0.9453551912568307,1.0,0.0,0.0,0.0,2
,397,0.7377049180327868,0.0,1.0,0.0,0.8285391881534003,2
,156,0.8852459016393442,1.0,0.0,0.0,0.0,2
,398,0.9672131147540983,0.0,1.0,0.0,0.9463946303571862,2
,157,0.9016393442622951,1.0,1.0,0.0,0.0,2
,399,0.9508196721311475,0.0,1.0,0.0,0.7827759528141421,2
,158,0.8142076502732241,1.0,0.0,0.0,0.0,2
,159,0.907103825136612,1.0,0.0,0.0,0.0,2
,50,0.9289617486338798,1.0,1.0,0.0,0.0,2
,51,0.8688524590163934,1.0,1.0,0.0,0.0,2
,52,0.6502732240437159,0.9182958340544896,1.0,0.0,0.6679417819871462,3
,53,0.9562841530054644,1.0,0.0,0.0,0.0,2
,54,0.7158469945355191,1.0,1.0,0.0,0.0,2
,55,0.8360655737704918,1.0,1.0,0.0,0.3375188516587831,2
,56,0.8961748633879781,0.9999999999999998,0.8292439007914474,0.41398207241620283,0.0,13
,57,0.8360655737704918,1.0,0.0,0.0,0.0,2
,58,0.9180327868852459,1.0,0.0,0.0,0.0,2
,59,0.8524590163934427,0.9999999999999998,0.9999999999999998,0.0,0.0,10
,160,0.9180327868852459,1.0,0.0,0.0,0.2610893633857883,2
,161,0.8087431693989071,1.0,1.0,0.0,0.15765817343911248,2
,162,0.9344262295081968,1.0,0.0,0.0,0.0,2
,163,0.8524590163934427,1.0,0.0,0.0,0.0,2
,164,0.9398907103825137,1.0,1.0,0.0,0.820042596026009,2
,165,0.8688524590163934,1.0,0.0,0.0,0.7499999999999999,2
,166,0.9016393442622951,1.0000000000000002,0.5916727785823275,0.3717257956726267,0.0,7
,167,0.8633879781420765,1.0,0.0,0.0,0.44326885582432396,3
,168,0.6120218579234973,1.0,1.0,0.0,0.6236421337691538,2
,169,0.9672131147540983,0.0,1.0,0.0,0.9056185178648963,2
,60,0.9398907103825137,1.0,0.0,0.0,0.0,2
,61,0.9398907103825137,1.0,0.0,0.0,0.0,2
,62,0.9234972677595629,1.0,1.0,0.0,0.0,4
,63,0.8360655737704918,1.0,0.9182958340544896,0.3954884891037233,0.0,3
,64,0.907103825136612,1.0,1.0,0.0,0.858672711073255,2
,65,0.7377049180327868,1.0,1.0,0.0,0.24075048345657657,2
,66,0.9398907103825137,1.0,1.0,0.0,0.0,2
,67,0.8961748633879781,1.0,1.0,0.0,0.0,2
,68,0.9180327868852459,1.0,1.0,0.0,0.0,3
,69,0.9016393442622951,1.0,1.0,0.0,0.0,2
,170,0.8469945355191257,1.0,1.0,0.0,0.8720094340562978,2
,171,0.8633879781420765,0.0,1.0,0.0,0.965633607142825,4
,172,0.9672131147540983,1.0,0.0,0.0,0.0,2
,173,0.9617486338797814,1.0,1.0,0.0,0.0,2
,174,0.8961748633879781,1.0,1.0,0.0,0.864973520717927,2
,175,0.907103825136612,1.0,1.0,0.0,0.7559699029892673,2
,176,0.7978142076502732,1.0,1.0,0.0,0.6570911063619826,2
,177,0.9508196721311475,0.0,1.0,0.0,0.9127332405984696,2
,178,0.9234972677595629,1.0,1.0,0.0,0.7766490138119515,2
,179,0.8852459016393442,0.0,1.0,0.0,0.0,3
,70,0.8852459016393442,1.0,0.0,0.0,0.2862631380745629,3
,71,0.9289617486338798,1.0,0.0,0.0,0.0,2
,72,0.8961748633879781,1.0000000000000002,1.0000000000000002,0.0,0.0,7
,73,0.912568306010929,1.0,0.0,0.0,0.0,3
,74,0.8852459016393442,1.0,0.9182958340544896,0.3954884891037233,0.0,3
,75,0.907103825136612,1.0,1.0,0.0,0.0,3
,76,0.9617486338797814,1.0,1.0,0.0,0.8699155297736259,2
,77,0.9180327868852459,1.0,1.0,0.0,0.0,4
,78,0.9453551912568307,1.0,0.8112781244591328,0.43067655807339306,0.0,4
,79,0.8524590163934427,1.0,1.0,0.0,0.950068597536621,2
,180,0.8961748633879781,0.0,1.0,0.0,0.0,2
,181,0.9562841530054644,0.0,1.0,0.0,0.0,2
,182,0.9180327868852459,0.0,1.0,0.0,0.45548591500359514,3
,183,0.8688524590163934,1.0,1.0,0.0,0.7453115759478263,2
,184,0.7978142076502732,1.0,0.9182958340544896,0.3954884891037233,0.9101823813017114,3
,185,0.9234972677595629,1.0,1.0,0.0,1.0,2
,186,0.9453551912568307,1.0000000000000002,1.0000000000000002,0.0,0.0,7
,187,0.9398907103825137,1.0,1.0,0.0,0.45548591500359514,2
,188,0.9562841530054644,0.0,1.0,0.0,0.9463946303571862,2
,189,0.9016393442622951,0.0,1.0,0.0,0.7456952813582644,2
,80,0.8797814207650273,1.0,0.9182958340544896,0.3954884891037233,0.0,3
,81,0.8524590163934427,1.0,0.0,0.0,0.18768409270499464,2
,82,0.9180327868852459,1.0,1.0,0.0,0.0,4
,83,0.912568306010929,0.9999999999999999,0.8962406251802889,0.31091750708257115,0.5152734452350943,6
,84,0.9180327868852459,1.0,0.0,0.0,0.0,2
,85,0.9344262295081968,1.0,1.0,0.0,0.0,17
,86,0.9180327868852459,1.0,1.0,0.0,0.0,3
,87,0.8360655737704918,1.0,1.0,0.0,0.38762396309516434,2
,88,0.8961748633879781,1.0,0.0,0.0,0.0,2
,89,0.8360655737704918,1.0,1.0,0.0,0.39701205774251874,3
,190,0.8907103825136612,1.0,0.0,0.0,0.6853870929104106,2
,191,0.9617486338797814,1.0,0.0,0.0,0.579380164285695,2
,192,0.9016393442622951,1.0,1.0,0.0,0.8080141510844467,2
,193,0.8743169398907104,1.0,1.0,0.0,0.527861537140782,2
,194,0.7322404371584699,1.0,1.0,0.0,0.0,2
,195,0.9289617486338798,1.0,1.0,0.0,0.0,2
,196,0.9453551912568307,1.0,0.0,0.0,0.0,2
,197,0.9562841530054644,1.0,0.0,0.0,0.0,2
,198,0.9508196721311475,0.0,1.0,0.0,0.8868595071429146,2
,199,0.7486338797814207,0.0,1.0,0.0,0.7573934707658356,2
,90,0.6994535519125683,1.0,0.0,0.0,0.11809506962344105,2
,91,0.9289617486338798,1.0,1.0,0.0,0.0,3
,92,0.8961748633879781,1.0,1.0,0.0,0.0,2
,93,0.9016393442622951,1.0,1.0,0.0,0.41011848630651804,2
,94,0.8688524590163934,0.9999999999999999,0.9999999999999999,0.0,0.5618376711211266,6
,95,0.9344262295081968,1.0,0.0,0.0,0.0,2
,96,0.9617486338797814,1.0,0.0,0.0,0.0,3
,97,0.9617486338797814,1.0,0.0,0.0,0.0,2
,98,0.9289617486338798,1.0,1.0,0.0,0.0,5
,99,0.825136612021858,1.0,0.0,0.0,0.16830996801605602,3
,1206,0.9398907103825137,1.0,1.0,0.0,0.72483409150576,2
,1205,0.9398907103825137,1.0,0.0,0.0,0.6223659728744493,2
,1204,0.7540983606557377,1.0,0.0,0.0,0.7944405392281235,2
,1203,0.9672131147540983,1.0,0.0,0.0,0.0,2
,1202,0.8142076502732241,1.0,0.0,0.0,0.8901326988687257,2
,1201,0.8032786885245902,1.0,1.0,0.0,0.0,3
,1200,0.912568306010929,1.0,0.0,0.0,0.4716734178155153,2
,1209,0.9672131147540983,1.0,0.0,0.0,0.5118595071429148,2
,1208,0.8306010928961749,1.0,0.9609640474436811,0.39705281869724973,0.3733039603858873,5
,1207,0.9234972677595629,1.0,1.0,0.0,0.0,2
