projName,groupId,vComplexity,dComplexity,crComplexity,sComplexity,insNumber,domain,cloneClass
,1220,1.0,1.0,0.0,0.72483409150576,2,,3
,1217,1.0,1.0,0.4243146625442962,0.0,8,,3
,1216,1.0,1.0,0.0,0.0,2,,2
,1215,0.9463946303571862,1.0,0.3954884891037233,1.0,4,,3
,1214,1.0,1.0,0.0,0.864973520717927,2,,3
,1213,1.0,0.0,0.0,0.5118595071429148,2,,2
,1212,1.0,0.0,0.0,0.0,2,,2
,1211,1.0,1.0,0.0,0.0,2,,2
,1210,1.0,1.0,0.0,0.0,3,,3
,1219,0.0,1.0,0.0,0.9463946303571862,2,,3
,1218,1.0,1.0,0.3954884891037233,0.9463946303571862,4,,3
,1231,1.0,0.9463946303571862,0.3717257956726267,0.7896900821428474,8,,3
,1230,1.0,0.0,0.0,0.579380164285695,2,,2
,1228,1.0,0.0,0.0,0.7896900821428474,2,,3
,1,1.0,1.0,0.0,0.0,2,,2
,1227,1.0,0.0,0.0,0.0,2,,2
,2,0.0,1.0,0.0,0.0,2,,2
,1226,1.0,1.0,0.0,0.8812391756396073,2,,3
,3,1.0,1.0,0.0,0.0,2,,2
,1225,1.0,1.0,0.0,0.0,2,,2
,4,1.0,1.0,0.0,0.0,2,,2
,1224,1.0,0.9182958340544896,0.3954884891037233,0.6768414907579315,3,,3
,5,1.0,1.0,0.0,0.0,4,,3
,1223,1.0,0.0,0.2019854079986195,0.0,5,,3
,6,1.0,1.0,0.0,0.0,3,,3
,1222,1.0,1.0,0.0,0.6454645236511274,2,,3
,7,1.0,0.0,0.0,0.29590327428938457,2,,2
,1221,1.0,0.0,0.0,0.0,2,,2
,8,0.0,1.0,0.0,0.9372305632161295,2,,3
,800,0.0,1.0,0.0,0.8173454221465102,3,,3
,9,1.0,1.0,0.3954884891037233,0.0,4,,3
,801,0.8112781244591328,0.9463946303571862,0.279949419226045,0.34295098019812775,4,,3
,802,0.0,1.0,0.0,0.6567045482143385,2,,3
,803,1.0,0.0,0.0,0.0,2,,2
,804,1.0,0.0,0.0,0.0,2,,2
,805,1.0000000000000002,0.3589962496465303,0.30632992473209175,0.0,20,,3
,806,1.0,0.0,0.0,0.0,2,,2
,807,1.0,0.0,0.0,0.0,2,,2
,1229,1.0,0.0,0.0,0.0,2,,2
,808,1.0,0.0,0.0,0.0,2,,2
,809,1.0,0.0,0.0,0.0,2,,2
,1000,1.0000000000000002,0.8763576394898523,0.3493984702822971,1.0,9,,3
,1242,1.0,1.0,0.0,0.0,2,,2
,1241,1.0,0.0,0.0,0.0,3,,3
,1240,1.0,0.9182958340544896,0.3954884891037233,0.527861537140782,3,,3
,1239,1.0,0.0,0.0,0.9463946303571862,2,,3
,1238,1.0,0.0,0.0,0.8508642289005679,2,,3
,1237,1.0,1.0,0.0,0.0,2,,2
,1236,1.0,0.7219280948873623,0.4181656600790516,0.0,5,,3
,1235,1.0,0.9182958340544896,0.3954884891037233,0.8120406807941,3,,3
,1234,1.0,0.0,0.0,0.0,2,,2
,1233,1.0000000000000002,0.0,0.3717257956726267,0.0,7,,3
,810,1.0,0.0,0.0,0.0,3,,3
,1232,1.0,0.0,0.0,0.9141008920185651,2,,3
,811,1.0,0.0,0.0,0.0,2,,2
,812,1.0,0.0,0.0,0.5676751079529516,2,,2
,813,1.0,0.0,0.0,0.5723578741833466,2,,2
,814,1.0,0.0,0.0,0.0,3,,3
,815,1.0,0.0,0.0,0.22294491816723944,2,,2
,816,0.0,1.0,0.0,0.22294491816723944,2,,2
,817,0.0,1.0,0.0,0.23422152036528643,2,,2
,818,1.0,0.0,0.0,0.0,2,,2
,819,1.0,0.0,0.0,0.0,2,,2
,1011,1.0,1.0,0.0,0.7605689069275702,3,,3
,1253,1.0,0.0,0.0,0.0,2,,2
,1252,1.0,1.0,0.0,0.0,5,,3
,1010,1.0,0.0,0.0,0.559363613011501,2,,2
,1251,1.0,0.0,0.0,0.0,2,,2
,1250,1.0,0.0,0.0,0.9656336071428249,3,,3
,1008,1.0,1.0,0.0,0.0,2,,2
,1007,1.0,0.0,0.0,0.0,2,,2
,1249,1.0,0.0,0.0,0.905712598013837,2,,3
,1006,1.0,0.0,0.0,0.826074224242703,2,,3
,1248,1.0,0.0,0.0,0.0,2,,2
,1005,1.0,0.0,0.0,0.6309297535714574,2,,3
,1247,1.0,0.0,0.0,0.0,2,,2
,1004,1.0,0.0,0.0,0.6309297535714574,2,,3
,1246,1.0,0.9609640474436811,0.2019854079986195,0.0,5,,3
,1003,1.0,0.0,0.0,0.7896900821428474,2,,3
,1245,1.0,0.0,0.0,0.6309297535714574,2,,3
,820,1.0,0.0,0.0,0.0,2,,2
,1002,1.0,0.0,0.0,1.0,2,,3
,1244,1.0,0.0,0.0,0.0,2,,2
,821,1.0,1.0,0.0,0.0,2,,2
,1001,1.0,1.0,0.0,0.9463946303571862,4,,3
,1243,1.0,0.0,0.0,0.6216097450797566,2,,3
,822,1.0,0.0,0.0,0.5999864653089827,4,,3
,823,1.0,0.0,0.0,0.34295098019812775,2,,2
,824,1.0,0.0,0.0,0.22294491816723944,2,,2
,825,1.0,1.0,0.0,0.22294491816723944,2,,2
,826,1.0,0.7219280948873623,0.4181656600790516,0.41011848630651804,5,,3
,827,1.0,1.0,0.3954884891037233,0.8527924884900404,4,,3
,828,1.0,1.0,0.0,0.5966452229439911,2,,2
,829,1.0,1.0,0.0,0.0,2,,2
,1009,1.0,1.0,0.0,0.0,2,,2
,1022,1.0,0.0,0.0,0.6223659728744493,2,,3
,1021,1.0,0.0,0.0,0.9770455804590024,3,,3
,1020,1.0,0.0,0.0,0.0,3,,3
,1019,1.0,0.0,0.0,0.45548591500359514,2,,2
,1018,1.0,0.0,0.0,0.45548591500359514,3,,3
,1017,1.0,1.0,0.0,0.4280272187063687,2,,2
,1259,1.0,0.9182958340544896,0.3954884891037233,0.0,3,,3
,1016,0.9463946303571862,1.0,0.43067655807339306,0.0,4,,3
,1258,1.0,0.0,0.0,0.6126016192893442,2,,3
,1015,1.0,0.0,0.0,0.0,2,,2
,1257,1.0,0.0,0.0,0.6309297535714574,2,,3
,830,1.0,1.0,0.0,0.0,2,,2
,1014,1.0,0.0,0.0,0.0,2,,2
,1256,1.0,1.0,0.0,0.6309297535714574,2,,3
,831,1.0,1.0,0.0,0.0,2,,2
,1013,1.0,0.0,0.0,0.9821410328348752,2,,3
,1255,1.0,0.0,0.0,0.0,2,,2
,832,1.0,1.0,0.3954884891037233,0.0,4,,3
,1012,1.0,0.0,0.0,0.0,2,,2
,1254,1.0,0.0,0.0,0.864973520717927,2,,3
,833,1.0,1.0,0.0,0.12360498799464745,2,,2
,834,1.0,0.0,0.0,0.0,2,,2
,835,1.0,0.0,0.0,0.18069636157678548,2,,2
,836,1.0,0.0,0.0,0.34295098019812775,2,,2
,837,1.0,0.0,0.0,0.22294491816723944,2,,2
,838,1.0,0.0,0.0,0.45548591500359514,3,,3
,839,1.0,0.0,0.0,0.0,2,,2
,1033,1.0,1.0,0.0,0.8527924884900404,2,,3
,1032,1.0,1.0,0.0,0.0,2,,2
,1031,1.0,1.0,0.0,0.9463946303571862,2,,3
,1030,1.0,1.0,0.0,0.842088781560647,2,,3
,1029,1.0,1.0,0.0,0.0,3,,3
,1028,1.0,1.0,0.0,0.627079355810753,3,,3
,1027,1.0,0.0,0.0,0.0,2,,2
,840,1.0,0.0,0.0,0.0,3,,3
,1026,1.0,1.0,0.0,0.9713067383178076,2,,3
,841,1.0,0.0,0.0,0.0,2,,2
,1025,1.0,1.0,0.0,0.0,3,,3
,600,1.0,1.0,0.0,0.0,2,,2
,842,1.0,0.0,0.0,0.0,2,,2
,1024,1.0,1.0,0.0,0.5302910328104031,2,,2
,601,1.0,1.0,0.0,0.0,2,,2
,843,1.0,0.0,0.0,0.0,2,,2
,1023,1.0,0.0,0.0,0.0,2,,2
,602,1.0,0.0,0.0,0.6289054987282648,3,,3
,844,1.0,1.0,0.0,0.0,2,,2
,603,1.0,0.0,0.0,0.0,5,,3
,845,1.0,0.0,0.0,0.0,2,,2
,604,0.9999999999999999,1.0,0.31091750708257115,0.0,6,,3
,846,1.0,0.0,0.0,0.0,3,,3
,605,1.0,0.0,0.0,0.0,5,,3
,847,0.9182958340544896,1.0,0.0,0.0,3,,3
,606,0.9697238998682474,1.0,0.31091750708257115,0.0,6,,3
,848,1.0,0.9182958340544896,0.3954884891037233,0.0,3,,3
,607,1.0,1.0,0.0,0.0,2,,2
,849,1.0,0.0,0.0,0.0,2,,2
,608,1.0,0.8112781244591328,0.43067655807339306,0.0,4,,3
,609,1.0,1.0,0.0,0.0,2,,2
,1044,1.0,1.0,0.0,0.0,2,,2
,1043,1.0,0.9182958340544896,0.3954884891037233,0.0,3,,3
,1042,1.0,1.0,0.0,0.905712598013837,2,,3
,1041,1.0,0.0,0.0,0.0,2,,2
,1040,1.0,0.0,0.0,0.0,2,,2
,1039,1.0,0.0,0.0,0.0,3,,3
,850,1.0,0.0,0.0,0.0,2,,2
,1038,1.0,0.0,0.0,0.6021808102656677,3,,3
,851,1.0,0.0,0.0,0.0,3,,3
,1037,1.0,0.0,0.0,0.0,2,,2
,610,1.0,1.0,0.0,0.0,2,,2
,852,1.0,0.0,0.0,0.0,2,,2
,1036,1.0,0.0,0.0,0.5152734452350943,3,,3
,611,1.0,0.0,0.0,0.0,3,,3
,853,1.0,0.0,0.0,0.0,2,,2
,1035,1.0,0.0,0.0,0.0,2,,2
,612,1.0,1.0,0.0,0.48215936096968093,2,,2
,854,1.0,0.0,0.0,0.0,2,,2
,1034,1.0,1.0,0.0,0.6853870929104106,2,,3
,613,1.0,0.0,0.0,0.0,2,,2
,855,0.0,1.0,0.0,0.579380164285695,2,,2
,614,1.0,0.0,0.0,0.0,3,,3
,856,1.0,1.0,0.0,0.0,2,,2
,615,1.0,1.0,0.0,0.0,2,,2
,857,1.0,1.0,0.0,0.6444666452025871,2,,3
,616,1.0,1.0,0.0,0.0,2,,2
,858,1.0,1.0,0.0,0.0,2,,2
,617,1.0,0.0,0.0,0.0,2,,2
,859,1.0,0.0,0.0,0.0,2,,2
,618,1.0,0.0,0.0,0.0,2,,2
,619,1.0,0.0,0.0,0.2610893633857883,2,,2
,1055,1.0,0.0,0.0,0.0,2,,2
,1054,1.0,0.0,0.0,0.0,3,,3
,1053,1.0,0.0,0.0,0.0,3,,3
,1052,1.0,0.0,0.0,0.7827759528141421,2,,3
,1051,1.0,1.0,0.0,0.0,2,,2
,1050,1.0,1.0,0.0,0.9821410328348752,2,,3
,860,0.0,0.0,0.0,0.0,3,,1
,861,0.0,0.0,0.0,0.0,2,,1
,1049,1.0,1.0,0.0,0.0,2,,2
,620,1.0,0.0,0.0,0.0,2,,2
,862,0.0,0.0,0.0,0.0,4,,1
,1048,1.0,1.0,0.0,0.7253697721503475,2,,3
,621,1.0,0.0,0.0,0.0,3,,3
,863,1.0,0.0,0.0,0.39078665545522084,2,,2
,1047,1.0,1.0,0.0,0.6097630879642211,3,,3
,622,1.0,0.0,0.0,0.0,3,,3
,864,0.0,1.0,0.0,0.0,2,,2
,1046,1.0,1.0,0.0,0.9463946303571862,2,,3
,623,1.0,0.0,0.0,0.0,2,,2
,865,1.0,0.0,0.0,0.0,2,,2
,1045,1.0,1.0,0.3954884891037233,0.0,4,,3
,624,1.0,0.0,0.0,0.0,2,,2
,866,1.0,0.0,0.0,0.0,2,,2
,625,1.0,0.0,0.0,0.0,2,,2
,867,1.0,0.0,0.0,0.0,2,,2
,626,0.0,1.0,0.0,0.43291288155725993,2,,2
,868,1.0,0.0,0.0,0.0,2,,2
,627,1.0,1.0,0.0,0.9018972358711527,2,,3
,869,1.0,0.0,0.0,0.3175206571427802,2,,2
,628,1.0,1.0,0.0,0.8699155297736259,2,,3
,629,0.0,1.0,0.0,0.9526230661652662,2,,3
,1066,1.0,1.0,0.0,1.0,2,,3
,1065,0.9852281360342516,0.9751060324573735,0.25481959578555763,0.6309297535714574,7,,3
,1064,0.9881090915741203,0.9533522741071692,0.14205697021084857,0.6309297535714574,12,,3
,1063,1.0,0.0,0.0,0.0,2,,2
,1062,1.0,1.0,0.3954884891037233,0.0,4,,3
,1061,1.0,0.0,0.0,0.0,2,,2
,1060,1.0,1.0,0.0,0.0,2,,2
,870,1.0,0.0,0.0,0.29590327428938457,2,,2
,871,1.0,0.0,0.0,0.0,2,,2
,630,0.0,1.0,0.0,0.9713067383178076,2,,3
,872,1.0,0.0,0.0,0.0,3,,3
,1059,1.0,1.0,0.42810551009986264,0.0,12,,3
,631,0.0,1.0,0.0,0.726844631409708,2,,3
,873,1.0,0.0,0.0,0.0,3,,3
,1058,1.0000000000000002,0.9640787648082292,0.43066328669575205,0.0,18,,3
,632,0.0,1.0,0.0,0.0,2,,2
,874,1.0,0.0,0.0,0.0,3,,3
,1057,1.0,0.9182958340544896,0.3954884891037233,0.0,3,,3
,633,0.0,1.0,0.0,0.8173454221465102,2,,3
,875,1.0,0.0,0.0,0.0,5,,3
,634,1.0,1.0,0.0,0.6625897014816776,2,,3
,876,1.0,0.0,0.0,0.0,2,,2
,1056,1.0,0.0,0.0,0.0,3,,3
,635,0.0,1.0,0.0,0.3175206571427802,2,,2
,877,0.0,1.0,0.0,0.41011848630651804,2,,2
,636,0.0,1.0,0.0,0.5462947022805017,2,,2
,878,1.0,1.0,0.0,0.6975637594191427,2,,3
,637,0.0,1.0,0.0,0.7799245905108307,2,,3
,879,1.0,0.9602297178607611,0.31091750708257115,0.0,5,,3
,638,0.0,1.0,0.0,0.41011848630651804,2,,2
,639,1.0,1.0,0.4181656600790516,0.24684720518702508,6,,3
,1077,1.0,0.9182958340544896,0.3954884891037233,0.9755307720176265,3,,3
,1076,1.0,1.0,0.0,0.7896900821428474,2,,3
,1075,0.0,1.0,0.0,0.0,2,,2
,1074,1.0,1.0,0.0,0.0,2,,2
,1073,1.0,0.0,0.31091750708257115,0.9463946303571862,5,,3
,1072,1.0,0.0,0.0,0.9463946303571862,2,,3
,1071,1.0,0.9463946303571862,0.5390473417948544,0.0,4,,3
,1070,0.9182958340544896,1.0,0.0,0.9463946303571862,3,,3
,880,0.0,1.0,0.0,0.9821410328348752,2,,3
,881,0.0,1.0,0.0,0.8136524099222412,2,,3
,640,0.0,1.0,0.0,0.8263230812990678,2,,3
,882,0.0,1.0,0.0,0.9821410328348752,2,,3
,641,0.0,1.0,0.0,0.7343962125424431,2,,3
,883,0.9182958340544896,1.0,0.0,0.625418115623811,3,,3
,400,0.9182958340544896,1.0,0.0,0.0,3,,3
,642,0.0,1.0,0.0,0.6971862088918521,2,,3
,884,0.0,1.0,0.0,0.7669160827649908,2,,3
,401,0.0,1.0,0.0,0.0,2,,2
,643,0.9182958340544896,1.0,0.0,0.5816718657178868,3,,3
,885,1.0,1.0,0.3954884891037233,0.9821410328348752,4,,3
,1069,1.0,0.0,0.0,0.6126016192893442,3,,3
,402,1.0,1.0,0.0,0.7195974817108705,2,,3
,644,0.0,1.0,0.0,0.0,2,,2
,886,0.0,1.0,0.0,0.6961094714265039,2,,3
,1068,1.0,0.0,0.0,0.0,2,,2
,403,0.0,1.0,0.0,0.0,2,,2
,645,1.0,1.0,0.0,0.5854069251508158,2,,2
,887,1.0,1.0,0.0,0.0,2,,2
,1067,1.0,0.0,0.0,0.0,2,,2
,404,1.0,1.0,0.0,0.858672711073255,2,,3
,646,0.9182958340544896,1.0,0.0,0.97288250263637,3,,3
,888,1.0,1.0,0.0,0.0,2,,2
,889,1.0,1.0,0.0,0.9463946303571862,5,,3
,405,1.0,1.0,0.0,0.7101056374241135,2,,3
,647,0.0,1.0,0.0,0.9543725779839038,2,,3
,406,1.0,1.0,0.0,0.0,4,,3
,648,0.0,1.0,0.0,0.9379607148064744,2,,3
,407,1.0,1.0,0.0,0.9808340377961402,4,,3
,649,0.0,1.0,0.0,0.887092015535129,2,,3
,408,1.0,1.0,0.0,0.8033437314357735,2,,3
,409,1.0,1.0,0.0,0.757839021442451,3,,3
,1080,1.0,0.0,0.0,0.7793577657063837,2,,3
,1088,1.0,1.0,0.3954884891037233,0.0,4,,3
,1087,1.0,0.0,0.0,0.0,3,,3
,1086,1.0,1.0,0.0,0.8699155297736259,2,,3
,1085,1.0,0.0,0.0,0.9262621550953116,3,,3
,1084,1.0,0.0,0.0,0.861245517321247,2,,3
,1083,1.0,0.0,0.0,0.9463946303571862,2,,3
,1082,1.0,0.0,0.0,0.9463946303571862,2,,3
,890,1.0,0.9182958340544896,0.3954884891037233,0.0,3,,3
,1081,1.0,0.0,0.0,0.9139494879931296,2,,3
,891,1.0,0.9182958340544896,0.3954884891037233,0.0,3,,3
,650,1.0,1.0,0.0,0.5854069251508158,2,,2
,892,1.0,1.0,0.0,0.0,2,,2
,651,1.0,1.0,0.0,0.72483409150576,2,,3
,893,1.0,1.0,0.0,0.0,2,,2
,410,0.0,1.0,0.0,0.8699155297736259,2,,3
,652,1.0,1.0,0.0,0.0,2,,2
,894,1.0,1.0,0.0,0.0,2,,2
,411,0.0,1.0,0.0,0.0,2,,2
,653,1.0,1.0,0.0,0.8194483718728034,2,,3
,895,1.0,1.0,0.0,0.0,2,,2
,412,0.0,1.0,0.0,0.0,2,,2
,654,0.0,1.0,0.0,0.6195356586779281,2,,3
,896,1.0,1.0,0.0,0.9602297178607611,4,,3
,413,0.9609640474436811,0.9739760316291208,0.1129712932075364,0.0,10,,3
,655,0.0,1.0,0.0,0.9463946303571862,2,,3
,897,0.0,1.0,0.0,0.5061471991414218,2,,2
,1079,1.0,1.0,0.0,0.0,2,,2
,414,1.0,1.0,0.0,0.0,2,,2
,656,0.0,1.0,0.0,0.0,2,,2
,898,0.0,1.0,0.0,0.9463946303571862,2,,3
,1078,1.0,1.0,0.0,0.0,2,,2
,415,0.0,1.0,0.0,0.920619835714305,2,,3
,657,0.0,1.0,0.0,0.5762173955216959,2,,2
,899,1.0,1.0,0.0,0.5118595071429148,2,,2
,416,0.0,1.0,0.0,0.0,2,,2
,658,0.0,1.0,0.0,0.0,2,,2
,417,0.0,1.0,0.0,0.0,2,,2
,659,0.0,1.0,0.0,0.0,2,,2
,418,0.0,1.0,0.0,0.8342022886441013,2,,3
,419,0.0,1.0,0.0,0.0,2,,2
,1091,1.0,0.0,0.0,0.0,2,,2
,1090,1.0,0.0,0.0,0.0,2,,2
,1099,1.0,0.0,0.0,0.0,3,,3
,1098,1.0,0.0,0.0,0.0,3,,3
,1097,1.0,0.0,0.0,0.0,5,,3
,1096,0.9999999999999999,0.0,0.0,0.905712598013837,6,,3
,1095,1.0,0.0,0.0,0.0,2,,2
,1094,1.0000000000000002,0.0,0.0,0.9372305632161295,11,,3
,1093,1.0,0.0,0.0,0.0,2,,2
,1092,1.0,1.0,0.0,0.0,2,,2
,660,0.0,1.0,0.0,0.977680872902037,2,,3
,661,0.0,1.0,0.0,0.579380164285695,2,,2
,420,0.0,1.0,0.0,0.920619835714305,2,,3
,662,1.0,1.0,0.4181656600790516,0.7506372650958028,6,,3
,421,0.0,1.0,0.0,0.8247288258953046,2,,3
,663,0.0,1.0,0.0,0.7865834126456138,2,,3
,422,0.0,1.0,0.0,0.9463946303571862,2,,3
,664,0.0,1.0,0.0,0.0,2,,2
,423,1.0,1.0,0.0,0.0,2,,2
,665,0.0,1.0,0.0,0.8528196251894569,2,,3
,424,0.0,1.0,0.0,0.8173454221465102,2,,3
,666,1.0,1.0,0.3954884891037233,0.7499999999999999,4,,3
,425,0.0,1.0,0.0,0.7896900821428474,2,,3
,667,0.0,1.0,0.0,0.7884345764089417,2,,3
,1089,1.0,1.0,0.0,0.0,2,,2
,426,1.0,1.0,0.0,0.0,2,,2
,668,0.0,1.0,0.0,0.9680522212633251,2,,3
,427,0.9463946303571862,1.0,0.0,0.0,4,,3
,669,0.0,1.0,0.0,0.8720094340562979,2,,3
,428,1.0,1.0,0.0,0.0,2,,2
,429,0.0,1.0,0.0,0.0,2,,2
,670,0.0,1.0,0.0,0.8977818049321735,2,,3
,671,0.0,1.0,0.0,0.887092015535129,2,,3
,430,0.0,1.0,0.0,0.0,2,,2
,672,0.0,1.0,0.0,0.6126016192893442,2,,3
,431,0.0,1.0,0.0,0.77250688571426,2,,3
,673,0.0,1.0,0.0,0.842088781560647,2,,3
,432,0.0,1.0,0.0,0.4684574992810824,2,,2
,674,0.0,1.0,0.0,0.8979176514941836,2,,3
,433,1.0,1.0,0.0,0.8856194615204434,2,,3
,675,0.0,1.0,0.0,0.9770455804590024,2,,3
,434,0.0,1.0,0.0,0.0,2,,2
,676,0.0,1.0,0.0,0.6913698302025114,2,,3
,435,0.0,1.0,0.0,0.9656336071428249,2,,3
,677,0.0,1.0,0.0,0.8720094340562978,2,,3
,436,1.0,0.0,0.0,0.6309297535714574,2,,3
,678,1.0,1.0,0.0,0.0,2,,2
,437,0.0,0.0,0.0,0.0,2,,1
,679,0.0,1.0,0.0,0.0,2,,2
,438,1.0,0.0,0.0,0.864973520717927,2,,3
,439,1.0,1.0,0.0,0.5364959133847246,2,,2
,680,1.0,1.0,0.0,0.0,2,,2
,681,1.0,1.0,0.0,0.7960200622507978,2,,3
,440,1.0,1.0,0.0,0.0,2,,2
,682,0.0,1.0,0.0,0.0,2,,2
,441,1.0,1.0,0.0,0.0,2,,2
,683,1.0,1.0,0.0,0.905712598013837,2,,3
,200,0.0,1.0,0.0,0.6383111854769604,2,,3
,442,1.0,1.0,0.0,0.826074224242703,2,,3
,684,0.0,1.0,0.0,0.8024052436705212,2,,3
,201,1.0,1.0,0.0,0.8851529531815772,3,,3
,443,1.0,1.0,0.0,0.9463946303571862,2,,3
,685,0.0,1.0,0.0,0.6126016192893442,2,,3
,202,1.0,1.0,0.0,0.0,3,,3
,444,0.0,1.0,0.0,0.9463946303571862,2,,3
,686,1.0,1.0,0.0,0.72483409150576,2,,3
,203,1.0,1.0,0.0,0.9141008920185651,2,,3
,445,1.0,1.0,0.0,0.8194483718728034,2,,3
,687,1.0,0.0,0.0,0.8156200630405976,2,,3
,204,1.0,1.0,0.0,0.8846148739279864,2,,3
,446,0.0,1.0,0.0,0.5653371812436325,2,,2
,688,1.0,0.9182958340544896,0.3954884891037233,0.7896900821428474,3,,3
,205,0.5320616655928241,0.9999999999999996,0.0,0.7534397398762205,26,,3
,447,0.0,1.0,0.0,0.8194483718728034,2,,3
,689,1.0,0.0,0.0,0.8868595071429146,2,,3
,206,0.0,1.0,0.0,0.820042596026009,5,,3
,448,0.0,1.0,0.0,0.9947372378779501,2,,3
,207,1.0,1.0,0.0,0.45185658819540436,4,,3
,449,0.0,1.0,0.0,0.9746913179422252,2,,3
,208,1.0,1.0,0.0,0.77250688571426,3,,3
,209,1.0,1.0,0.0,0.0,2,,2
,690,1.0,1.0,0.0,0.0,2,,2
,691,1.0,0.9182958340544896,0.3954884891037233,0.0,3,,3
,450,0.0,1.0,0.0,0.8194483718728034,2,,3
,692,1.0,1.0,0.0,0.0,2,,2
,451,0.0,1.0,0.0,0.9965119062478287,2,,3
,693,1.0,1.0,0.0,0.9267193012708007,2,,3
,210,1.0,1.0,0.0,0.0,2,,2
,452,0.0,1.0,0.0,0.8699155297736259,2,,3
,694,1.0,0.0,0.0,0.0,2,,2
,211,1.0,1.0,0.0,0.7896900821428474,3,,3
,453,0.0,1.0,0.0,0.9214632400757699,2,,3
,695,1.0,0.0,0.0,0.8175817337644011,2,,3
,212,1.0,1.0,0.0,0.7816596645276668,2,,3
,454,0.0,1.0,0.0,0.0,2,,2
,696,1.0,0.0,0.0,0.9556844290725506,2,,3
,213,1.0,1.0,0.0,0.9463946303571862,2,,3
,455,0.0,1.0,0.0,0.0,2,,2
,697,1.0,0.0,0.0,0.0,2,,2
,214,1.0,0.0,0.0,0.9372305632161295,2,,3
,456,0.0,1.0,0.0,0.0,2,,2
,698,1.0,0.0,0.0,0.0,2,,2
,215,1.0,0.0,0.0,0.846836722631185,2,,3
,457,1.0,1.0,0.0,0.9089460785096519,2,,3
,699,1.0,0.0,0.0,0.8699155297736259,2,,3
,216,1.0,0.0,0.0,0.8292439007914474,3,,3
,458,0.0,1.0,0.0,0.9821410328348752,2,,3
,217,0.0,1.0,0.0,0.0,3,,3
,459,0.0,1.0,0.0,0.7896900821428474,2,,3
,218,0.0,1.0,0.0,0.0,3,,3
,219,0.9182958340544896,1.0,0.0,0.0,3,,3
,460,0.0,1.0,0.0,0.9911594714322187,2,,3
,461,0.0,1.0,0.0,0.9275569476668388,2,,3
,220,0.0,1.0,0.0,0.0,2,,2
,462,0.0,1.0,0.0,0.9358932809493992,2,,3
,221,0.0,1.0,0.0,0.9602297178607611,3,,3
,463,0.0,1.0,0.0,0.6309297535714574,2,,3
,222,0.0,1.0,0.0,0.9463946303571862,2,,3
,464,0.0,1.0,0.0,0.965633607142825,2,,3
,223,0.9999999999999999,0.6500224216483541,0.3954884891037233,0.0,6,,3
,465,1.0,1.0,0.3954884891037233,0.535621484070127,4,,3
,224,1.0,0.0,0.0,0.0,2,,2
,466,1.0,1.0,0.0,0.826074224242703,2,,3
,225,1.0,0.0,0.0,0.0,2,,2
,467,0.967132018086354,0.9283832117695865,0.25481959578555763,0.9089460785096519,8,,3
,226,1.0,0.0,0.0,0.0,2,,2
,468,1.0,1.0,0.0,0.0,2,,2
,227,1.0,0.0,0.0,0.0,2,,2
,469,1.0,1.0,0.0,0.0,2,,2
,228,1.0,1.0,0.0,0.0,2,,2
,229,1.0,1.0,0.0,0.0,2,,2
,470,1.0,1.0,0.0,0.0,2,,2
,471,1.0,1.0,0.0,0.0,2,,2
,230,1.0,1.0,0.0,0.0,2,,2
,472,0.0,1.0,0.0,0.9431887805255734,2,,3
,231,1.0,0.9602297178607611,0.8277293767706428,0.0,5,,3
,473,1.0,1.0,0.0,0.0,2,,2
,232,1.0,1.0,0.0,0.0,2,,2
,474,1.0,1.0,0.0,0.9127475678847468,2,,3
,233,1.0,0.0,0.0,0.9602297178607611,2,,3
,475,1.0,1.0,0.0,0.8031140135750122,2,,3
,234,1.0,0.0,0.0,0.0,2,,2
,476,1.0,1.0,0.0,0.7499999999999999,2,,3
,235,1.0,1.0,0.6826061944859854,0.0,3,,3
,477,1.0,1.0,0.0,0.9659535505394683,2,,3
,236,1.0,1.0,0.6826061944859854,0.0,3,,3
,478,1.0,1.0,0.0,0.77250688571426,2,,3
,237,1.0,1.0,0.5390473417948544,0.0,4,,3
,479,1.0,1.0,0.0,0.0,3,,3
,238,1.0,1.0,0.0,0.0,2,,2
,239,0.9591479170272448,0.9999999999999999,0.0,0.0,6,,3
,480,1.0,1.0,0.0,0.0,2,,2
,481,1.0,0.0,0.0,0.7896900821428474,3,,3
,240,0.9182958340544896,1.0,0.0,0.0,3,,3
,482,1.0,0.0,0.0,0.669591945535779,3,,3
,241,1.0,1.0,0.0,0.9262621550953116,2,,3
,483,1.0,0.0,0.0,0.7896900821428474,2,,3
,242,1.0,1.0,0.0,0.0,2,,2
,484,1.0,0.9182958340544896,0.3954884891037233,0.9095842857903335,3,,3
,243,1.0,0.0,0.0,0.0,2,,2
,485,1.0,0.9182958340544896,0.3954884891037233,0.9444894545916527,3,,3
,244,1.0,0.0,0.0,0.9602297178607611,2,,3
,486,1.0,1.0,0.3954884891037233,0.7298466991620974,4,,3
,245,1.0,0.0,0.0,0.0,2,,2
,487,0.0,1.0,0.0,0.965633607142825,2,,3
,246,1.0,0.0,0.0,0.0,2,,2
,488,1.0,1.0,0.0,0.965519396197507,2,,3
,247,1.0,0.8112781244591328,0.43067655807339306,0.0,4,,3
,489,1.0,1.0,0.0,0.6803454839201112,2,,3
,248,1.0,1.0,0.0,0.9463946303571862,2,,3
,249,1.0,1.0,0.0,0.996782826312735,2,,3
,490,1.0,0.0,0.0,0.0,2,,2
,491,1.0,0.0,0.0,0.0,2,,2
,250,1.0,1.0,0.0,0.9937866610055328,2,,3
,492,1.0,0.0,0.0,0.0,2,,2
,251,1.0,0.0,0.0,0.0,2,,2
,493,1.0,0.0,0.0,0.0,2,,2
,252,1.0,1.0,0.0,0.0,2,,2
,494,1.0,1.0,0.3954884891037233,0.8829956147936118,4,,3
,253,1.0,0.0,0.0,0.0,2,,2
,495,1.0,1.0,0.0,0.6913698302025114,2,,3
,254,1.0,0.0,0.0,0.0,2,,2
,496,1.0,1.0,0.0,0.7896900821428474,2,,3
,255,1.0,0.0,0.0,0.0,2,,2
,497,1.0000000000000002,1.0000000000000002,0.0,0.0,7,,3
,256,1.0,0.0,0.0,0.0,2,,2
,498,0.0,1.0,0.0,0.6309297535714574,2,,3
,257,1.0,0.0,0.0,0.0,2,,2
,499,1.0,1.0,0.0,0.0,3,,3
,258,1.0,0.0,0.0,0.0,2,,2
,259,1.0,0.0,0.0,0.0,2,,2
,260,1.0,0.0,0.0,0.0,2,,2
,261,1.0,0.0,0.0,0.6309297535714574,4,,3
,262,0.0,1.0,0.0,0.5634173407545278,2,,2
,263,1.0,0.0,0.0,0.77250688571426,2,,3
,264,1.0,0.0,0.0,0.0,4,,3
,265,1.0,0.0,0.0,0.864973520717927,2,,3
,266,1.0,0.0,0.0,0.864973520717927,2,,3
,267,1.0,1.0,0.0,0.0,4,,3
,268,0.9182958340544896,1.0,0.3954884891037233,0.669591945535779,3,,3
,269,1.0,1.0,0.0,0.0,2,,2
,270,0.9999999999999999,0.0,0.0,0.9463946303571862,6,,3
,271,1.0000000000000004,0.0,0.0,0.9463946303571862,21,,3
,272,1.0000000000000002,0.5916727785823275,0.3717257956726267,0.0,7,,3
,273,1.0,0.0,0.0,0.9463946303571862,5,,3
,274,1.0,0.0,0.0,0.0,4,,3
,275,1.0,0.0,0.0,0.9463946303571862,16,,3
,276,1.0000000000000002,0.0,0.0,0.0,7,,3
,277,1.0,0.0,0.0,0.0,2,,2
,278,1.0,1.0,0.0,0.9463946303571862,2,,3
,279,0.9795697645470609,0.875,0.3493984702822971,0.9463946303571862,8,,3
,280,1.0,1.0,0.0,0.0,2,,2
,281,1.0,0.0,0.0,0.0,4,,3
,282,1.0,0.9182958340544896,0.3954884891037233,0.9463946303571862,3,,3
,283,1.0,0.0,0.0,0.6961094714265039,2,,3
,284,1.0,0.0,0.0,0.0,4,,3
,285,1.0,0.0,0.0,0.0,2,,2
,286,1.0,1.0,0.0,0.45548591500359514,2,,2
,287,1.0,1.0,0.0,0.7023219531494745,2,,3
,288,1.0,0.0,0.0,0.0,2,,2
,289,1.0,0.0,0.0,0.0,2,,2
,290,1.0,0.0,0.0,0.0,2,,2
,291,0.9999999999999999,0.0,0.0,0.0,6,,3
,292,1.0,0.0,0.0,0.0,4,,3
,293,1.0,0.0,0.0,0.0,2,,2
,294,1.0,0.0,0.0,0.39078665545522084,2,,2
,295,1.0,0.0,0.0,0.0,4,,3
,296,1.0,0.0,0.0,0.3296982574030469,2,,2
,297,1.0,0.0,0.0,0.22294491816723944,3,,3
,298,1.0,0.0,0.0,0.0,2,,2
,299,1.0,0.0,0.0,0.0,2,,2
,900,1.0,1.0,0.0,0.9878171319090818,2,,3
,901,1.0,1.0,0.0,0.9300678767746695,2,,3
,902,0.0,1.0,0.0,0.5445684476282007,2,,2
,903,0.0,1.0,0.0,0.5653371812436325,2,,2
,904,0.0,1.0,0.0,0.9642934129442271,2,,3
,905,1.0,1.0,0.0,0.7896900821428474,2,,3
,906,1.0,0.0,0.0,0.0,2,,2
,907,1.0,0.0,0.0,0.9463946303571862,2,,3
,908,1.0,0.0,0.0,0.0,2,,2
,909,1.0,1.0,0.0,0.669591945535779,2,,3
,910,0.0,1.0,0.0,0.8576422670050818,2,,3
,911,0.0,1.0,0.0,0.41011848630651804,2,,2
,912,0.0,1.0,0.0,0.9463946303571862,2,,3
,913,0.0,1.0,0.0,0.0,2,,2
,914,0.0,1.0,0.0,0.0,2,,2
,915,1.0,1.0,0.0,0.97288250263637,2,,3
,916,0.0,1.0,0.0,0.9463946303571862,2,,3
,917,1.0,1.0,0.0,0.8696249491951251,2,,3
,918,1.0,1.0,0.0,0.0,2,,2
,919,1.0,1.0,0.0,0.6512888470192231,2,,3
,1110,0.9999999999999999,0.37123232664087563,0.25481959578555763,0.0,14,,3
,1107,0.9999999999999999,0.0,0.0,0.0,6,,3
,1106,1.0,0.0,0.0,0.0,2,,2
,1105,1.0,0.0,0.0,0.9372305632161295,8,,3
,1104,1.0,0.0,0.0,0.0,2,,2
,1103,0.9999999999999993,0.0,0.0,0.9372305632161295,31,,3
,1102,1.0,0.5435644431995964,0.3493984702822971,0.3175206571427802,8,,3
,1101,1.0,0.0,0.0,0.0,4,,3
,920,1.0,0.0,0.0,0.0,2,,2
,1100,1.0,0.0,0.0,0.0,2,,2
,921,1.0,1.0,0.0,0.0,2,,2
,922,1.0,1.0,0.0,0.0,2,,2
,923,0.9999999999999999,0.9697238998682474,0.15218358217012873,0.0,6,,3
,924,1.0,1.0,0.0,0.7921878473143421,2,,3
,925,1.0,1.0,0.0,0.6617451580014916,2,,3
,926,1.0,1.0,0.0,0.8340164427030236,2,,3
,927,1.0,1.0,0.0,0.9821410328348752,2,,3
,1109,1.0,0.0,0.0,0.0,2,,2
,928,1.0,1.0,0.0,0.7079749057776119,2,,3
,1108,1.0,0.0,0.0,0.0,4,,3
,929,0.9182958340544896,1.0,0.0,0.8699155297736259,3,,3
,1121,1.0,0.0,0.0,0.0,2,,2
,1120,1.0,0.0,0.0,0.0,2,,2
,1118,1.0,0.0,0.0,0.0,4,,3
,1117,1.0,0.0,0.0,0.0,3,,3
,1116,1.0,0.0,0.0,0.965633607142825,2,,3
,1115,0.0,1.0,0.0,0.9602297178607611,4,,3
,1114,1.0,1.0,0.0,0.45548591500359514,2,,2
,1113,1.0,0.0,0.0,0.864973520717927,2,,3
,930,1.0,0.9182958340544896,0.3954884891037233,0.5152734452350943,3,,3
,1112,0.9999999999999999,1.0,0.31091750708257115,0.0,6,,3
,931,1.0,1.0,0.0,0.46210535254013824,2,,2
,1111,1.0,0.0,0.0,0.0,8,,3
,932,1.0,1.0,0.0,0.9262621550953116,2,,3
,933,0.9999999999999999,0.9999999999999999,0.0,0.0,6,,3
,934,1.0,1.0,0.0,0.7827759528141421,2,,3
,935,1.0,0.0,0.0,0.6223659728744493,2,,3
,936,1.0,0.0,0.0,0.0,2,,2
,937,1.0,1.0,0.0,0.40392528723498305,2,,2
,938,1.0,0.0,0.0,0.5634173407545278,4,,3
,939,0.9999999999999999,0.0,0.0,0.0,6,,3
,1119,1.0,0.0,0.0,0.0,2,,2
,1132,1.0,0.0,0.0,0.0,2,,2
,1131,1.0,1.0,0.0,0.72483409150576,2,,3
,1130,1.0,0.0,0.0,0.6109105085887243,2,,3
,1129,0.0,1.0,0.0,0.864973520717927,3,,3
,1128,1.0,1.0,0.3954884891037233,0.8922386216326157,4,,3
,1127,1.0,0.0,0.0,0.0,4,,3
,1126,1.0,0.0,0.0,0.0,2,,2
,1125,1.0,0.0,0.0,0.6223659728744493,2,,3
,940,1.0,0.8112781244591328,0.43067655807339306,0.9463946303571862,4,,3
,1124,1.0,0.0,0.0,0.0,4,,3
,941,1.0,0.9182958340544896,0.3954884891037233,0.9214632400757699,3,,3
,1123,1.0,0.0,0.0,0.0,2,,2
,700,1.0,0.0,0.0,0.8699155297736259,3,,3
,942,1.0,1.0,0.0,0.7896900821428474,2,,3
,1122,1.0,0.0,0.0,0.0,2,,2
,701,1.0,1.0,0.0,0.47940585620837967,2,,2
,943,0.0,1.0,0.0,0.858672711073255,2,,3
,702,1.0,1.0,0.0,0.0,2,,2
,944,0.0,1.0,0.0,0.0,2,,2
,945,1.0,1.0,0.0,0.0,4,,3
,703,1.0,1.0,0.0,0.0,2,,2
,704,1.0,1.0,0.0,0.7212051199614242,2,,3
,946,1.0,1.0,0.0,0.0,2,,2
,705,1.0,1.0,0.0,0.5756075000760148,2,,2
,947,1.0,1.0,0.0,0.9463946303571862,2,,3
,706,1.0,1.0,0.0,0.0,2,,2
,948,1.0,0.9602297178607611,0.31091750708257115,0.9463946303571862,5,,3
,707,1.0,1.0,0.0,0.6961094714265039,2,,3
,949,1.0,0.0,0.0,0.0,2,,2
,708,1.0,0.0,0.0,0.6237998740277074,2,,3
,709,1.0,1.0,0.0,0.8121676633259183,2,,3
,1143,1.0,1.0,0.0,0.5952324067054334,2,,2
,1142,1.0,1.0,0.0,0.0,2,,2
,1141,0.9463946303571862,1.0,0.0,0.0,4,,3
,1140,1.0,0.0,0.0,0.0,2,,2
,1139,1.0,0.0,0.0,0.0,2,,2
,1138,1.0,0.0,0.0,0.0,2,,2
,1137,1.0,0.0,0.0,0.47294195094105684,3,,3
,950,1.0,0.0,0.0,0.0,2,,2
,1136,1.0,1.0,0.0,0.0,2,,2
,951,1.0,0.0,0.0,0.0,2,,2
,1135,1.0,0.0,0.3954884891037233,0.0,3,,3
,710,1.0,1.0,0.0,0.0,2,,2
,952,1.0,1.0,0.0,0.0,2,,2
,1134,1.0,0.0,0.0,0.6021808102656677,2,,3
,711,1.0,1.0,0.0,0.7559279292634754,2,,3
,953,1.0,1.0,0.0,0.0,2,,2
,1133,1.0,0.0,0.0,0.6309297535714574,3,,3
,712,1.0,1.0,0.0,0.0,2,,2
,954,1.0,1.0,0.0,0.7079749057776119,2,,3
,713,1.0,1.0,0.3954884891037233,0.0,3,,3
,955,1.0,1.0,0.0,0.0,2,,2
,714,1.0,0.0,0.0,0.8734790278701756,2,,3
,956,1.0,1.0,0.3954884891037233,0.5491374244631695,4,,3
,715,1.0,0.0,0.0,0.5462947022805017,2,,2
,957,1.0,1.0,0.0,0.0,4,,3
,716,1.0,1.0,0.0,0.9724616681466847,2,,3
,958,1.0,1.0,0.0,0.0,3,,3
,717,1.0,1.0,0.0,0.8024052436705214,2,,3
,959,1.0,1.0,0.0,0.9141008920185651,2,,3
,718,1.0,0.0,0.0,0.45548591500359514,2,,2
,719,1.0,1.0,0.0,0.45548591500359514,2,,2
,1154,1.0,1.0,0.0,0.4415611452690479,4,,3
,1153,1.0,0.0,0.0,0.35442643442714344,5,,3
,1152,1.0,0.0,0.0,0.4315802016311458,2,,2
,1151,1.0,0.0,0.0,0.0,2,,2
,1150,0.0,1.0,0.0,0.4878527713892913,2,,2
,1149,0.0,1.0,0.0,0.8517533937557689,2,,3
,960,1.0,1.0,0.0,0.0,2,,2
,1148,1.0,1.0,0.279949419226045,0.9770455804590024,4,,3
,961,1.0,1.0,0.0,0.0,2,,2
,1147,1.0,0.0,0.0,0.6216097450797566,2,,3
,720,1.0,1.0,0.0,0.9463946303571862,2,,3
,962,1.0,1.0,0.0,0.0,2,,2
,1146,1.0,1.0,0.0,0.0,3,,3
,1145,1.0,1.0,0.0,0.0,4,,3
,721,1.0,0.0,0.0,0.0,2,,2
,963,1.0,1.0,0.0,0.864973520717927,3,,3
,1144,0.9463946303571862,1.0,0.0,0.8292439007914474,4,,3
,722,1.0,0.9609640474436811,0.2019854079986195,0.0,5,,3
,964,0.0,1.0,0.0,0.3733039603858873,3,,3
,723,0.0,1.0,0.0,0.9602297178607611,2,,3
,965,1.0,1.0,0.0,0.9565826682888481,2,,3
,724,0.0,1.0,0.0,0.9521407120972796,2,,3
,966,1.0,0.0,0.0,0.7559699029892673,2,,3
,725,1.0,1.0,0.0,0.8527924884900404,3,,3
,967,1.0,1.0,0.0,0.0,2,,2
,726,1.0,1.0,0.0,0.3733039603858873,2,,2
,968,1.0,0.0,0.0,0.5762173955216959,2,,2
,727,1.0,1.0,0.0,0.541811861950784,2,,2
,969,1.0,0.0,0.0,0.6126016192893442,2,,3
,728,1.0,1.0,0.0,0.45548591500359514,3,,3
,729,1.0,0.0,0.0,0.2610893633857883,3,,3
,1165,1.0,0.0,0.0,0.0,2,,2
,1164,1.0,0.0,0.0,0.0,2,,2
,1163,1.0,0.0,0.0,0.0,3,,3
,1162,1.0,0.0,0.0,0.0,2,,2
,1161,1.0,0.0,0.0,0.0,2,,2
,1160,1.0,1.0,0.0,0.0,4,,3
,970,1.0,0.7219280948873623,0.4181656600790516,0.0,5,,3
,971,1.0,0.0,0.0,0.0,4,,3
,1159,1.0,1.0,0.0,0.0,4,,3
,730,1.0,1.0,0.0,0.0,2,,2
,972,1.0,0.0,0.0,0.6709263122743749,2,,3
,1158,1.0,1.0,0.0,0.0,2,,2
,731,1.0,1.0,0.0,0.0,2,,2
,973,1.0,1.0,0.0,0.8350554511591552,2,,3
,1157,1.0,1.0,0.3954884891037233,0.0,4,,3
,732,1.0,1.0,0.0,0.0,2,,2
,974,1.0,1.0,0.0,0.0,2,,2
,1156,1.0,0.0,0.0,0.0,2,,2
,733,1.0,1.0,0.0,0.4315802016311458,3,,3
,975,0.9463946303571862,1.0,0.0,0.9463946303571862,4,,3
,1155,1.0,0.0,0.0,0.0,2,,2
,734,1.0,1.0,0.0,0.929252365043453,2,,3
,976,0.0,1.0,0.0,0.8198746470064714,2,,3
,735,1.0,1.0,0.0,0.0,2,,2
,977,1.0,0.0,0.0,0.864973520717927,2,,3
,736,1.0,0.7219280948873623,0.4181656600790516,0.6126016192893442,5,,3
,978,1.0,0.0,0.0,0.0,3,,3
,737,1.0,0.0,0.0,0.6195356586779281,2,,3
,979,1.0,0.0,0.0,0.5462947022805017,2,,2
,738,1.0,0.0,0.0,0.31367793319391746,5,,3
,739,1.0,0.0,0.0,0.0,3,,3
,1176,1.0,0.0,0.0,0.0,3,,3
,1175,1.0,0.0,0.0,0.0,2,,2
,1174,1.0,0.0,0.0,0.0,4,,3
,1173,1.0,0.0,0.0,0.0,2,,2
,1172,1.0,0.0,0.0,0.0,2,,2
,1171,1.0,0.0,0.0,0.0,3,,3
,1170,1.0,0.0,0.0,0.0,2,,2
,980,1.0,1.0,0.0,0.9262621550953116,2,,3
,981,1.0,1.0,0.0,0.0,2,,2
,740,1.0,0.0,0.0,0.0,2,,2
,982,0.0,1.0,0.0,0.7298466991620974,2,,3
,741,1.0,0.0,0.0,0.0,3,,3
,983,1.0,1.0,0.0,0.7499999999999999,2,,3
,1169,1.0,0.0,0.0,0.0,4,,3
,742,1.0,1.0,0.0,0.0,3,,3
,500,1.0,0.0,0.0,0.5122187561880754,2,,2
,984,1.0,1.0,0.0,0.0,2,,2
,1168,1.0,0.0,0.0,0.0,4,,3
,501,1.0,0.0,0.0,0.40351514000041366,2,,2
,743,1.0,1.0,0.0,0.5959059181125509,2,,2
,985,1.0,1.0,0.0,0.0,3,,3
,1167,1.0,0.0,0.0,0.0,2,,2
,502,1.0,0.0,0.0,0.786325033925035,2,,3
,744,1.0,0.0,0.0,0.579380164285695,2,,2
,986,0.0,1.0,0.0,0.0,2,,2
,1166,1.0,0.0,0.0,0.0,3,,3
,745,0.0,1.0,0.0,0.7193329040881773,3,,3
,503,1.0,0.9609640474436811,0.2019854079986195,0.9463946303571862,5,,3
,987,1.0,0.0,0.0,0.9463946303571862,2,,3
,746,0.0,1.0,0.0,0.8699155297736259,3,,3
,504,1.0,0.0,0.0,0.0,2,,2
,988,1.0,0.0,0.0,0.0,2,,2
,747,1.0,1.0,0.31091750708257115,0.5118595071429148,6,,3
,505,1.0,1.0,0.0,0.7827759528141421,2,,3
,989,1.0,0.0,0.0,0.9380776413823051,2,,3
,506,1.0,0.0,0.0,0.0,2,,2
,748,0.0,1.0,0.0,0.0,2,,2
,507,1.0,0.0,0.0,0.0,2,,2
,749,1.0,0.0,0.0,0.0,2,,2
,508,1.0,0.0,0.0,0.0,3,,3
,509,1.0,0.0,0.0,0.0,3,,3
,1187,1.0,0.0,0.0,0.0,2,,2
,1186,1.0,0.0,0.0,0.0,2,,2
,1185,1.0,0.0,0.0,0.0,3,,3
,1184,1.0,0.0,0.0,0.22656790017754913,2,,2
,1183,1.0,1.0,0.0,0.3625547592300895,3,,3
,1182,1.0,1.0,0.0,0.0,5,,3
,1181,0.0,1.0,0.0,0.0,2,,2
,1180,1.0,0.0,0.0,0.0,3,,3
,990,1.0,0.0,0.0,0.0,2,,2
,991,0.9182958340544896,1.0,0.3954884891037233,0.5633841440162103,3,,3
,750,0.0,1.0,0.0,0.22294491816723944,4,,3
,992,0.0,1.0,0.0,1.0,2,,3
,751,0.8112781244591328,1.0,0.0,0.72483409150576,4,,3
,993,1.0,0.0,0.0,0.7896900821428474,2,,3
,510,1.0,0.9182958340544896,0.3954884891037233,0.8091343544494713,3,,3
,752,1.0,0.0,0.0,0.579380164285695,2,,2
,994,1.0,0.0,0.0,0.0,2,,2
,511,1.0,0.9182958340544896,0.3954884891037233,0.850003100590503,3,,3
,753,1.0,1.0,0.0,0.0,2,,2
,995,1.0,0.0,0.0,0.0,2,,2
,1179,1.0,0.0,0.0,0.0,3,,3
,512,1.0,1.0,0.0,0.0,2,,2
,754,0.0,1.0,0.0,0.0,2,,2
,996,1.0,0.0,0.0,0.920619835714305,2,,3
,1178,1.0,1.0,0.0,0.0,2,,2
,513,1.0,1.0,0.0,0.7984025479688386,2,,3
,755,1.0,1.0,0.0,0.0,2,,2
,997,1.0,0.0,0.0,0.27729172565378846,2,,2
,1177,1.0,0.0,0.0,0.0,2,,2
,514,1.0,1.0,0.0,0.0,2,,2
,756,1.0,0.0,0.0,0.11309798613327454,2,,2
,998,1.0,1.0,0.0,0.0,2,,2
,515,1.0,1.0,0.0,0.0,2,,2
,757,1.0,1.0,0.0,0.0,2,,2
,999,1.0,0.0,0.0,1.0,2,,3
,516,1.0,1.0,0.0,0.0,2,,2
,758,1.0,0.0,0.0,0.0,2,,2
,517,1.0,0.9709505944546686,0.4181656600790516,0.0,5,,3
,759,1.0,0.0,0.0,0.0,3,,3
,518,1.0,1.0,0.0,0.0,2,,2
,519,1.0,1.0,0.0,0.0,2,,2
,1190,1.0,0.0,0.0,0.0,2,,2
,1198,1.0,0.0,0.0,0.5445684476282007,2,,2
,1197,1.0,0.0,0.0,0.5445684476282007,2,,2
,1196,1.0,0.0,0.0,0.6021808102656677,3,,3
,1195,1.0,1.0,0.0,0.0,2,,2
,1194,1.0,0.0,0.0,0.0,5,,3
,1193,1.0,1.0,0.0,0.0,2,,2
,1192,1.0,0.0,0.0,0.0,2,,2
,1191,1.0,0.0,0.0,0.0,3,,3
,760,1.0,1.0,0.0,0.579380164285695,2,,2
,761,1.0,0.0,0.0,0.0,2,,2
,520,1.0,1.0,0.0,0.0,2,,2
,762,1.0,1.0,0.0,0.3175206571427802,2,,2
,521,1.0,0.9182958340544896,0.3954884891037233,0.0,3,,3
,763,1.0,0.9182958340544896,0.3954884891037233,0.45548591500359514,3,,3
,522,1.0,1.0,0.0,0.0,2,,2
,764,0.9463946303571862,1.0,0.0,0.0,4,,3
,523,1.0,1.0,0.3954884891037233,0.9850568223215077,4,,3
,765,1.0,1.0,0.0,0.5462947022805017,2,,2
,1189,1.0,0.0,0.0,0.0,2,,2
,524,0.0,1.0,0.0,0.0,2,,2
,766,0.0,1.0,0.0,0.0,2,,2
,1188,1.0,0.0,0.0,0.0,3,,3
,525,1.0,1.0,0.0,0.0,2,,2
,767,1.0,1.0,0.0,0.0,2,,2
,526,1.0,1.0,0.3954884891037233,0.0,4,,3
,768,0.0,1.0,0.0,0.0,2,,2
,527,0.9463946303571862,1.0,0.3954884891037233,0.0,4,,3
,769,1.0,1.0,0.0,0.23422152036528643,3,,3
,528,1.0,1.0,0.0,0.0,2,,2
,529,1.0,1.0,0.0,0.9056185178648963,2,,3
,770,0.0,1.0,0.0,0.0,2,,2
,771,1.0,0.0,0.0,0.0,2,,2
,530,0.0,1.0,0.0,0.0,2,,2
,772,1.0,1.0,0.0,0.0,3,,3
,531,1.0,1.0,0.0,0.0,2,,2
,773,0.9463946303571862,1.0,0.0,0.0,4,,3
,532,1.0,1.0,0.0,0.0,2,,2
,774,1.0,0.0,0.0,0.0,2,,2
,533,1.0,1.0,0.0,0.0,2,,2
,775,1.0,0.0,0.0,0.0,2,,2
,534,1.0,1.0,0.279949419226045,0.0,4,,3
,776,1.0,0.0,0.0,0.0,2,,2
,535,0.0,1.0,0.0,0.9643787017331664,2,,3
,777,1.0,0.0,0.0,0.0,2,,2
,1199,1.0,0.0,0.0,0.0,2,,2
,536,0.0,1.0,0.0,0.6309297535714574,2,,3
,778,1.0,0.0,0.0,0.0,2,,2
,537,1.0,1.0,0.0,0.8280516427049733,2,,3
,779,0.0,1.0,0.0,0.3733039603858873,2,,2
,538,1.0,1.0,0.0,0.8868595071429146,2,,3
,539,1.0,1.0,0.0,0.7835807040488096,2,,3
,780,0.0,1.0,0.0,0.0,2,,2
,781,1.0,1.0,0.0,0.0,2,,2
,540,1.0,1.0,0.0,0.8387794678549644,2,,3
,782,1.0,1.0,0.0,0.0,3,,3
,541,1.0,0.0,0.0,0.0,2,,2
,783,1.0,1.0,0.0,0.0,2,,2
,300,1.0,0.0,0.0,0.0,2,,2
,542,1.0,0.0,0.0,0.9463946303571862,2,,3
,784,1.0,1.0,0.0,0.0,2,,2
,301,0.0,1.0,0.0,0.0,2,,2
,543,1.0,0.0,0.0,0.9463946303571862,3,,3
,785,1.0,0.0,0.0,0.0,3,,3
,302,0.0,1.0,0.0,0.0,2,,2
,544,1.0,0.0,0.0,0.864973520717927,2,,3
,786,1.0,0.0,0.0,0.0,2,,2
,303,0.0,1.0,0.0,0.0,2,,2
,545,1.0,0.0,0.0,0.864973520717927,2,,3
,787,1.0,1.0,0.0,0.0,2,,2
,304,0.0,1.0,0.0,0.0,2,,2
,546,1.0,1.0,0.0,0.0,2,,2
,788,1.0,0.0,0.0,0.0,2,,2
,305,0.0,1.0,0.0,0.0,2,,2
,547,1.0,1.0,0.0,0.0,2,,2
,789,1.0,0.0,0.0,0.0,2,,2
,306,0.0,1.0,0.0,0.0,2,,2
,548,1.0,0.0,0.0,0.6126016192893442,2,,3
,307,0.0,1.0,0.0,0.0,2,,2
,549,1.0,0.0,0.0,0.9463946303571862,2,,3
,308,0.0,1.0,0.0,0.0,2,,2
,309,0.0,1.0,0.0,0.0,2,,2
,790,1.0,0.0,0.0,0.0,4,,3
,791,1.0,0.0,0.0,0.0,3,,3
,550,1.0,1.0,0.0,0.7896900821428474,2,,3
,792,1.0,0.0,0.0,0.0,2,,2
,551,1.0,1.0,0.0,0.9922150607220181,2,,3
,793,1.0,0.0,0.0,0.0,2,,2
,310,0.0,1.0,0.0,0.0,2,,2
,552,1.0,1.0,0.0,0.7517232451112141,2,,3
,794,1.0,0.0,0.0,0.0,2,,2
,311,0.0,1.0,0.0,0.5118595071429148,2,,2
,553,1.0,1.0,0.0,0.0,2,,2
,795,1.0,0.0,0.0,0.0,2,,2
,312,1.0,0.9182958340544896,0.3954884891037233,0.0,3,,3
,554,0.0,1.0,0.0,0.0,2,,2
,796,1.0,0.0,0.0,0.0,3,,3
,313,1.0,1.0,0.0,0.0,4,,3
,555,0.9463946303571862,1.0,0.0,0.0,4,,3
,797,1.0,0.0,0.0,0.0,2,,2
,314,1.0,0.0,0.0,0.0,2,,2
,556,1.0,1.0,0.0,0.4878527713892913,2,,2
,798,1.0,0.0,0.0,0.0,4,,3
,799,0.9463946303571862,1.0,0.0,0.44155167050817345,4,,3
,315,1.0,0.0,0.0,0.0,2,,2
,557,1.0,1.0,0.0,0.0,2,,2
,316,0.0,1.0,0.0,0.0,2,,2
,558,1.0,0.0,0.0,0.0,2,,2
,317,0.9591479170272448,1.0,0.31091750708257115,0.0,6,,3
,559,1.0,0.9182958340544896,0.3954884891037233,0.0,3,,3
,318,0.9182958340544896,1.0,0.0,0.0,3,,3
,319,0.9182958340544896,1.0,0.0,0.0,3,,3
,560,1.0,1.0,0.3954884891037233,0.0,4,,3
,561,1.0,1.0,0.0,0.0,2,,2
,320,0.9182958340544896,1.0,0.0,0.0,3,,3
,562,1.0,0.0,0.0,0.0,2,,2
,321,1.0,1.0,0.0,0.0,3,,3
,563,0.9999999999999999,1.0,0.4181656600790516,0.0,6,,3
,322,1.0,1.0,0.0,0.0,2,,2
,564,1.0,0.0,0.0,0.0,2,,2
,323,0.0,1.0,0.0,0.0,5,,3
,565,1.0,1.0,0.0,0.0,2,,2
,324,0.9182958340544896,1.0,0.0,0.0,3,,3
,566,1.0,1.0,0.0,0.0,2,,2
,325,1.0,1.0,0.0,0.0,2,,2
,567,1.0,1.0,0.0,0.0,3,,3
,326,0.9697238998682474,1.0,0.31091750708257115,0.0,6,,3
,568,0.9182958340544896,1.0,0.3954884891037233,0.0,3,,3
,327,0.9591479170272448,1.0,0.31091750708257115,0.0,6,,3
,569,1.0,0.0,0.0,0.0,4,,3
,328,0.9182958340544896,1.0,0.0,0.0,3,,3
,329,1.0,0.0,0.0,0.0,3,,3
,570,1.0,0.0,0.0,0.0,2,,2
,571,0.0,1.0,0.0,0.9746913179422252,2,,3
,330,1.0,0.0,0.0,0.0,2,,2
,572,1.0,1.0,0.0,0.6570961540065721,2,,3
,331,1.0,1.0,0.0,0.0,2,,2
,573,1.0,1.0,0.0,0.8590373164768424,2,,3
,332,1.0,1.0,0.3954884891037233,0.3733039603858873,4,,3
,574,1.0,1.0,0.0,0.8851529531815772,4,,3
,333,1.0,1.0,0.3954884891037233,0.0,4,,3
,575,1.0,0.0,0.0,0.8721249771510844,2,,3
,334,0.0,1.0,0.0,0.0,2,,2
,576,0.0,1.0,0.0,0.9372305632161295,2,,3
,335,0.0,1.0,0.0,0.0,2,,2
,577,0.0,1.0,0.0,0.669591945535779,2,,3
,336,0.9591479170272448,1.0,0.31091750708257115,0.0,6,,3
,578,0.0,1.0,0.0,0.8342022886441012,2,,3
,337,0.0,1.0,0.0,0.0,2,,2
,579,1.0,1.0,0.0,0.8734790278701756,2,,3
,338,0.9182958340544896,1.0,0.0,0.0,3,,3
,339,0.9683925140412226,1.0,0.3493984702822971,0.0,9,,3
,580,1.0,0.0,0.0,0.9717904016449084,2,,3
,581,1.0,1.0,0.0,0.0,2,,2
,340,0.9182958340544896,1.0,0.0,0.0,3,,3
,582,1.0,1.0,0.0,0.0,2,,2
,341,0.9182958340544896,1.0,0.0,0.0,3,,3
,583,1.0,0.0,0.0,0.920619835714305,2,,3
,100,1.0,0.0,0.0,0.42181719939455997,2,,2
,584,1.0,0.9182958340544896,0.3954884891037233,0.0,3,,3
,342,1.0,1.0,0.0,0.0,2,,2
,101,1.0,0.0,0.0,0.0,2,,2
,343,1.0,0.0,0.0,0.0,2,,2
,585,1.0,0.0,0.0,0.6567045482143385,2,,3
,102,1.0000000000000002,0.8699155297736259,0.3954884891037233,0.0,7,,3
,344,1.0,0.0,0.0,0.0,2,,2
,586,0.0,1.0,0.0,0.0,2,,2
,103,1.0,0.0,0.0,0.5666120132441935,5,,3
,345,1.0,1.0,0.0,0.7896900821428474,2,,3
,587,1.0,1.0,0.0,0.0,2,,2
,104,0.9999999999999999,0.9999999999999999,0.0,0.4860328054737839,6,,3
,346,1.0,1.0,0.3954884891037233,0.0,4,,3
,588,1.0,1.0,0.0,0.0,2,,2
,105,1.0,1.0,0.0,0.0,2,,2
,347,1.0,1.0,0.0,0.23422152036528643,2,,2
,589,1.0,0.0,0.0,0.0,2,,2
,106,1.0,1.0,0.0,0.0,5,,3
,348,1.0,0.0,0.0,0.0,3,,3
,107,1.0,0.0,0.0,0.09068111698162355,3,,3
,349,1.0,0.0,0.0,0.16830996801605602,5,,3
,108,1.0,1.0,0.0,0.2463478666754271,4,,3
,109,1.0,0.0,0.0,0.34295098019812775,4,,3
,590,1.0,1.0,0.0,0.0,2,,2
,591,1.0,0.0,0.0,0.0,2,,2
,350,1.0,0.0,0.0,0.0,3,,3
,592,1.0,0.0,0.0,0.0,2,,2
,351,1.0,1.0,0.0,0.0,2,,2
,593,1.0,1.0,0.0,0.8903212340401653,2,,3
,110,1.0,0.0,0.0,0.0,2,,2
,352,1.0,1.0,0.0,0.0,2,,2
,594,1.0,1.0,0.0,0.0,2,,2
,111,1.0,1.0,0.0,0.0,2,,2
,353,1.0,1.0,0.0,0.579380164285695,2,,2
,595,1.0,1.0,0.3954884891037233,0.0,4,,3
,112,0.9999999999999999,0.0,0.0,0.27729172565378846,6,,3
,354,0.9463946303571862,1.0,0.3954884891037233,0.0,4,,3
,596,0.0,1.0,0.0,0.0,2,,2
,113,1.0,0.0,0.0,0.0,2,,2
,355,0.0,1.0,0.0,0.0,2,,2
,597,1.0,1.0,0.0,0.7453115759478263,2,,3
,114,1.0,1.0,0.3954884891037233,0.0,4,,3
,356,0.0,1.0,0.0,0.41011848630651804,2,,2
,598,1.0,0.0,0.0,0.5816718657178868,2,,2
,115,1.0,1.0,0.0,0.0,2,,2
,357,0.9912793004828555,0.9975025463691153,0.43045442954892976,0.0,34,,3
,599,1.0,0.0,0.0,0.8868595071429146,2,,3
,116,1.0,1.0,0.0,0.0,3,,3
,358,0.9881090915741203,0.9182958340544896,0.4303912366491104,0.0,12,,3
,117,1.0,1.0,0.0,0.0,2,,2
,359,1.0,1.0,0.3954884891037233,0.0,4,,3
,118,1.0000000000000002,1.0000000000000002,0.0,0.0,9,,3
,119,1.0000000000000002,1.0000000000000002,0.0,0.0,7,,3
,10,1.0000000000000002,1.0000000000000002,0.0,0.0,7,,3
,11,1.0,1.0,0.0,0.0,2,,2
,12,1.0,1.0,0.0,0.5011535315688265,2,,2
,13,1.0,1.0,0.0,0.9463946303571862,2,,3
,14,1.0,0.0,0.0,0.0,2,,2
,15,1.0,0.0,0.0,0.0,4,,3
,16,0.0,1.0,0.0,0.0,2,,2
,17,1.0,1.0,0.0,0.0,2,,2
,18,1.0,0.0,0.0,0.0,4,,3
,19,1.0,1.0,0.0,0.0,2,,2
,360,0.9811165970462595,0.9991421039919088,0.43030708237344345,0.0,29,,3
,361,1.0,1.0,0.0,0.0,3,,3
,120,1.0,1.0,0.0,0.0,2,,2
,362,1.0,0.0,0.0,0.0,3,,3
,121,0.0,1.0,0.0,0.9372305632161295,2,,3
,363,1.0,0.0,0.0,0.0,3,,3
,122,0.0,1.0,0.0,0.7976051012250924,2,,3
,364,1.0,1.0,0.0,0.0,2,,2
,123,1.0,0.0,0.0,0.8527924884900404,2,,3
,365,1.0,1.0,0.0,0.0,4,,3
,124,1.0,0.0,0.0,0.0,2,,2
,366,1.0,0.0,0.0,0.864973520717927,2,,3
,125,1.0,0.0,0.0,0.0,2,,2
,367,1.0,1.0,0.0,0.0,2,,2
,126,1.0,0.0,0.0,0.0,2,,2
,368,1.0,1.0,0.0,0.8574959979299553,2,,3
,127,1.0,1.0,0.0,0.39078665545522084,2,,2
,369,1.0,1.0,0.3954884891037233,0.0,3,,3
,128,0.9999999999999999,0.0,0.0,0.24684720518702508,6,,3
,129,1.0,0.0,0.0,0.2610893633857883,4,,3
,20,1.0,0.9602297178607611,0.31091750708257115,0.3175206571427802,5,,3
,21,1.0,1.0,0.0,0.0,2,,2
,22,1.0,1.0,0.0,0.0,2,,2
,23,1.0,0.0,0.0,0.0,2,,2
,24,1.0,1.0,0.0,0.27729172565378846,2,,2
,25,1.0,0.0,0.0,0.0,2,,2
,26,1.0,1.0,0.0,0.0,2,,2
,27,1.0,0.9463946303571862,0.279949419226045,0.0,4,,3
,28,1.0,0.9182958340544896,0.3954884891037233,0.0,3,,3
,29,1.0,1.0,0.0,0.9821410328348752,2,,3
,370,1.0,0.0,0.0,0.3599476872329075,2,,2
,371,1.0,1.0,0.0,0.40392528723498305,2,,2
,130,1.0,0.0,0.0,0.0,3,,3
,372,1.0,0.0,0.0,0.0,2,,2
,131,1.0,0.0,0.0,0.0,2,,2
,373,1.0,0.0,0.0,0.0,2,,2
,132,1.0,0.0,0.0,0.3042211976516048,2,,2
,374,1.0,0.0,0.0,0.24684720518702508,2,,2
,133,1.0,1.0,0.0,0.3237837983572334,2,,2
,375,0.0,1.0,0.0,0.8173454221465102,2,,3
,134,1.0,1.0,0.0,0.0,2,,2
,376,1.0,1.0,0.0,0.0,2,,2
,135,0.9999999999999994,0.9736854125530399,0.04191562030137956,0.0,46,,3
,377,0.0,1.0,0.0,0.0,2,,2
,136,1.0,0.0,0.0,0.22294491816723944,2,,2
,378,1.0,1.0,0.0,0.0,2,,2
,137,1.0,0.0,0.0,0.23422152036528643,3,,3
,379,1.0,1.0,0.0,0.0,2,,2
,138,1.0,0.0,0.0,0.0,2,,2
,139,1.0,0.9463946303571862,0.279949419226045,0.0,4,,3
,30,1.0,1.0,0.0,0.19530015947347854,2,,2
,31,1.0,1.0,0.3954884891037233,0.0,4,,3
,32,1.0,1.0,0.0,0.0,4,,3
,33,0.9999999999999999,0.9999999999999999,0.0,0.47294195094105684,14,,3
,34,1.0,0.9182958340544896,0.3954884891037233,0.06445454473665377,3,,3
,35,1.0,1.0,0.0,0.579380164285695,3,,3
,36,1.0,0.9182958340544896,0.3954884891037233,0.0,3,,3
,37,1.0,0.0,0.0,0.20363696854060848,2,,2
,38,1.0,0.9182958340544896,0.3954884891037233,0.22842890703676905,3,,3
,39,1.0,1.0,0.3954884891037233,0.0,4,,3
,380,1.0,1.0,0.0,1.0,2,,3
,381,0.0,1.0,0.0,0.0,2,,2
,140,0.9999999999999999,0.9591479170272448,0.24398236439806156,0.0,6,,3
,382,0.0,1.0,0.0,0.864973520717927,2,,3
,141,1.0,1.0,0.0,0.0,2,,2
,383,1.0,1.0,0.0,0.6137474649820718,2,,3
,142,1.0,1.0,0.0,0.0,2,,2
,384,0.0,1.0,0.0,0.0,2,,2
,143,1.0,0.0,0.0,0.23225470966069256,4,,3
,385,1.0,1.0,0.3954884891037233,1.0,4,,3
,144,1.0,1.0,0.0,0.826074224242703,2,,3
,386,0.0,1.0,0.0,1.0,2,,3
,145,1.0,1.0,0.0,0.0,2,,2
,387,1.0,1.0,0.3954884891037233,1.0,4,,3
,146,1.0,0.0,0.0,0.0,2,,2
,388,0.0,1.0,0.0,0.9141008920185651,2,,3
,147,1.0,0.0,0.0,0.6908140210976049,2,,3
,389,0.9182958340544896,0.9182958340544896,0.3954884891037233,0.5118595071429148,3,,3
,148,1.0,0.0,0.0,0.0,5,,3
,149,1.0,0.0,0.0,0.0,2,,2
,40,1.0,1.0,0.0,0.0,2,,2
,41,1.0,0.9182958340544896,0.3954884891037233,0.0,3,,3
,42,1.0,0.0,0.0,0.0,2,,2
,43,1.0000000000000002,0.9708357627258161,0.13331309864069724,0.0,9,,3
,44,1.0,1.0,0.0,0.0,2,,2
,45,1.0,1.0,0.0,0.0,3,,3
,46,1.0,1.0,0.0,0.0,4,,3
,47,1.0,1.0,0.0,0.0,2,,2
,48,1.0,0.0,0.0,0.0,2,,2
,390,0.0,1.0,0.0,0.8868595071429146,2,,3
,391,1.0,0.0,0.0,0.7559752426306121,2,,3
,150,1.0,1.0,0.0,0.4560725552838437,2,,2
,392,1.0,0.0,0.0,0.7827759528141421,2,,3
,151,1.0,0.9182958340544896,0.3954884891037233,0.0,3,,3
,393,0.0,1.0,0.0,0.9602297178607611,2,,3
,152,1.0,1.0,0.0,0.0,2,,2
,394,0.9182958340544896,1.0,0.0,0.0,3,,3
,153,0.0,1.0,0.0,0.4392610297141857,2,,2
,395,1.0,1.0,0.0,0.0,2,,2
,154,1.0,1.0,0.0,0.20057333550190817,4,,3
,396,0.0,1.0,0.0,0.0,2,,2
,155,1.0,0.0,0.0,0.0,2,,2
,397,0.0,1.0,0.0,0.8285391881534003,2,,3
,156,1.0,0.0,0.0,0.0,2,,2
,398,0.0,1.0,0.0,0.9463946303571862,2,,3
,157,1.0,1.0,0.0,0.0,2,,2
,399,0.0,1.0,0.0,0.7827759528141421,2,,3
,158,1.0,0.0,0.0,0.0,2,,2
,159,1.0,0.0,0.0,0.0,2,,2
,50,1.0,1.0,0.0,0.0,2,,2
,51,1.0,1.0,0.0,0.0,2,,2
,52,0.9182958340544896,1.0,0.0,0.6679417819871462,3,,3
,53,1.0,0.0,0.0,0.0,2,,2
,54,1.0,1.0,0.0,0.0,2,,2
,55,1.0,1.0,0.0,0.3375188516587831,2,,2
,56,0.9999999999999998,0.8292439007914474,0.41398207241620283,0.0,13,,3
,57,1.0,0.0,0.0,0.0,2,,2
,58,1.0,0.0,0.0,0.0,2,,2
,59,0.9999999999999998,0.9999999999999998,0.0,0.0,10,,3
,160,1.0,0.0,0.0,0.2610893633857883,2,,2
,161,1.0,1.0,0.0,0.15765817343911248,2,,2
,162,1.0,0.0,0.0,0.0,2,,2
,163,1.0,0.0,0.0,0.0,2,,2
,164,1.0,1.0,0.0,0.820042596026009,2,,3
,165,1.0,0.0,0.0,0.7499999999999999,2,,3
,166,1.0000000000000002,0.5916727785823275,0.3717257956726267,0.0,7,,3
,167,1.0,0.0,0.0,0.44326885582432396,3,,3
,168,1.0,1.0,0.0,0.6236421337691538,2,,3
,169,0.0,1.0,0.0,0.9056185178648963,2,,3
,60,1.0,0.0,0.0,0.0,2,,2
,61,1.0,0.0,0.0,0.0,2,,2
,62,1.0,1.0,0.0,0.0,4,,3
,63,1.0,0.9182958340544896,0.3954884891037233,0.0,3,,3
,64,1.0,1.0,0.0,0.858672711073255,2,,3
,65,1.0,1.0,0.0,0.24075048345657657,2,,2
,66,1.0,1.0,0.0,0.0,2,,2
,67,1.0,1.0,0.0,0.0,2,,2
,68,1.0,1.0,0.0,0.0,3,,3
,69,1.0,1.0,0.0,0.0,2,,2
,170,1.0,1.0,0.0,0.8720094340562978,2,,3
,171,0.0,1.0,0.0,0.965633607142825,4,,3
,172,1.0,0.0,0.0,0.0,2,,2
,173,1.0,1.0,0.0,0.0,2,,2
,174,1.0,1.0,0.0,0.864973520717927,2,,3
,175,1.0,1.0,0.0,0.7559699029892673,2,,3
,176,1.0,1.0,0.0,0.6570911063619826,2,,3
,177,0.0,1.0,0.0,0.9127332405984696,2,,3
,178,1.0,1.0,0.0,0.7766490138119515,2,,3
,179,0.0,1.0,0.0,0.0,3,,3
,70,1.0,0.0,0.0,0.2862631380745629,3,,3
,71,1.0,0.0,0.0,0.0,2,,2
,72,1.0000000000000002,1.0000000000000002,0.0,0.0,7,,3
,73,1.0,0.0,0.0,0.0,3,,3
,74,1.0,0.9182958340544896,0.3954884891037233,0.0,3,,3
,75,1.0,1.0,0.0,0.0,3,,3
,76,1.0,1.0,0.0,0.8699155297736259,2,,3
,77,1.0,1.0,0.0,0.0,4,,3
,78,1.0,0.8112781244591328,0.43067655807339306,0.0,4,,3
,79,1.0,1.0,0.0,0.950068597536621,2,,3
,180,0.0,1.0,0.0,0.0,2,,2
,181,0.0,1.0,0.0,0.0,2,,2
,182,0.0,1.0,0.0,0.45548591500359514,3,,3
,183,1.0,1.0,0.0,0.7453115759478263,2,,3
,184,1.0,0.9182958340544896,0.3954884891037233,0.9101823813017114,3,,3
,185,1.0,1.0,0.0,1.0,2,,3
,186,1.0000000000000002,1.0000000000000002,0.0,0.0,7,,3
,187,1.0,1.0,0.0,0.45548591500359514,2,,2
,188,0.0,1.0,0.0,0.9463946303571862,2,,3
,189,0.0,1.0,0.0,0.7456952813582644,2,,3
,80,1.0,0.9182958340544896,0.3954884891037233,0.0,3,,3
,81,1.0,0.0,0.0,0.18768409270499464,2,,2
,82,1.0,1.0,0.0,0.0,4,,3
,83,0.9999999999999999,0.8962406251802889,0.31091750708257115,0.5152734452350943,6,,3
,84,1.0,0.0,0.0,0.0,2,,2
,85,1.0,1.0,0.0,0.0,17,,3
,86,1.0,1.0,0.0,0.0,3,,3
,87,1.0,1.0,0.0,0.38762396309516434,2,,2
,88,1.0,0.0,0.0,0.0,2,,2
,89,1.0,1.0,0.0,0.39701205774251874,3,,3
,190,1.0,0.0,0.0,0.6853870929104106,2,,3
,191,1.0,0.0,0.0,0.579380164285695,2,,2
,192,1.0,1.0,0.0,0.8080141510844467,2,,3
,193,1.0,1.0,0.0,0.527861537140782,2,,2
,194,1.0,1.0,0.0,0.0,2,,2
,195,1.0,1.0,0.0,0.0,2,,2
,196,1.0,0.0,0.0,0.0,2,,2
,197,1.0,0.0,0.0,0.0,2,,2
,198,0.0,1.0,0.0,0.8868595071429146,2,,3
,199,0.0,1.0,0.0,0.7573934707658356,2,,3
,90,1.0,0.0,0.0,0.11809506962344105,2,,2
,91,1.0,1.0,0.0,0.0,3,,3
,92,1.0,1.0,0.0,0.0,2,,2
,93,1.0,1.0,0.0,0.41011848630651804,2,,2
,94,0.9999999999999999,0.9999999999999999,0.0,0.5618376711211266,6,,3
,95,1.0,0.0,0.0,0.0,2,,2
,96,1.0,0.0,0.0,0.0,3,,3
,97,1.0,0.0,0.0,0.0,2,,2
,98,1.0,1.0,0.0,0.0,5,,3
,99,1.0,0.0,0.0,0.16830996801605602,3,,3
,1206,1.0,1.0,0.0,0.72483409150576,2,,3
,1205,1.0,0.0,0.0,0.6223659728744493,2,,3
,1204,1.0,0.0,0.0,0.7944405392281235,2,,3
,1203,1.0,0.0,0.0,0.0,2,,2
,1202,1.0,0.0,0.0,0.8901326988687257,2,,3
,1201,1.0,1.0,0.0,0.0,3,,3
,1200,1.0,0.0,0.0,0.4716734178155153,2,,2
,1209,1.0,0.0,0.0,0.5118595071429148,2,,2
,1208,1.0,0.9609640474436811,0.39705281869724973,0.3733039603858873,5,,3
,1207,1.0,1.0,0.0,0.0,2,,2
